Year;Year of birth of woman;Age exact years;0 (No children);1;2;3;4 or more
1940;1920;20;93,4;5,8;0,7;0,1;0
1941;1921;20;93,4;5,8;0,7;0,1;0
1942;1922;20;93,6;5,7;0,6;0,1;0
1943;1923;20;93,5;5,8;0,6;0,1;0
1944;1924;20;93,3;6;0,6;0,1;0
1945;1925;20;93,1;6,2;0,6;0,1;0
1946;1926;20;92,9;6,4;0,6;0,1;0
1947;1927;20;92,6;6,7;0,6;0,1;0
1948;1928;20;91,6;7,6;0,7;0,1;0
1949;1929;20;90,9;8,1;0,9;0,1;0
1950;1930;20;90,8;8,1;1;0,1;0
1951;1931;20;90,9;7,8;1,2;0,1;0
1952;1932;20;90,9;7,8;1,2;0,1;0
1953;1933;20;90,8;7,9;1,1;0,2;0
1954;1934;20;90,6;8;1,3;0,1;0
1955;1935;20;90,5;8,1;1,2;0,2;0
1956;1936;20;90,1;8,4;1,4;0,1;0
1957;1937;20;89,6;8,8;1,4;0,2;0
1958;1938;20;88,7;9,4;1,7;0,2;0
1959;1939;20;87,8;10,2;1,8;0,2;0
1960;1940;20;87;10,6;2,1;0,3;0
1961;1941;20;85,8;11,5;2,4;0,3;0
1962;1942;20;85,7;11,5;2,5;0,3;0
1963;1943;20;84,8;12,1;2,7;0,4;0
1964;1944;20;84;12,3;3,2;0,5;0
1965;1945;20;82,9;13,1;3,5;0,5;0
1966;1946;20;82,6;13,3;3,6;0,5;0
1967;1947;20;82,9;13,1;3,5;0,5;0
1968;1948;20;82,4;13,5;3,6;0,4;0,1
1969;1949;20;81,9;14;3,6;0,4;0,1
1970;1950;20;81,5;14,3;3,7;0,4;0,1
1971;1951;20;80,9;14,8;3,8;0,4;0,1
1972;1952;20;80,3;15,2;4,1;0,3;0,1
1973;1953;20;80,7;14,9;4;0,4;0
1974;1954;20;81,5;14,3;3,8;0,4;0
1975;1955;20;82,3;13,7;3,6;0,4;0
1976;1956;20;83,6;12,7;3,4;0,3;0
1977;1957;20;84,7;11,9;3,1;0,3;0
1978;1958;20;86,2;11;2,5;0,3;0
1979;1959;20;87,2;10,2;2,4;0,2;0
1980;1960;20;87,4;10,1;2,3;0,2;0
1981;1961;20;87,3;10,2;2,2;0,3;0
1982;1962;20;87,7;9,8;2,3;0,2;0
1983;1963;20;88,3;9,4;2,1;0,2;0
1984;1964;20;88,9;9,1;1,8;0,2;0
1985;1965;20;89,1;8,9;1,8;0,2;0
1986;1966;20;88,8;9,1;1,9;0,2;0
1987;1967;20;88,3;9,6;1,9;0,2;0
1988;1968;20;87,7;10,1;2;0,2;0
1989;1969;20;87,3;10,5;1,9;0,3;0
1990;1970;20;87,1;10,8;1,8;0,3;0
1991;1971;20;87,2;10,6;2;0,2;0
1992;1972;20;87,1;10,7;1,9;0,3;0
1993;1973;20;87,2;10,6;1,9;0,3;0
1994;1974;20;87,6;10,1;2;0,3;0
1995;1975;20;88;9,7;2;0,3;0
1996;1976;20;88;9,7;2;0,2;0,1
1997;1977;20;87,6;10,2;1,9;0,3;0
1998;1978;20;87,5;10,3;1,9;0,3;0
1999;1979;20;87,1;10,8;1,9;0,2;0
2000;1980;20;87;10,9;1,8;0,3;0
2001;1981;20;86,9;11,1;1,7;0,3;0
2002;1982;20;87,3;10,6;1,9;0,2;0
2003;1983;20;88;9,9;1,9;0,2;0
2004;1984;20;88,4;9,5;1,9;0,2;0
2005;1985;20;88,7;9,2;1,9;0,2;0
2006;1986;20;88,7;9,2;1,9;0,2;0
2007;1987;20;88,8;9,1;1,9;0,2;0
2008;1988;20;89;9;1,8;0,2;0
2009;1989;20;89,1;8,9;1,8;0,2;0
2010;1990;20;89,4;8,6;1,8;0,2;0
2011;1991;20;90;8,2;1,6;0,2;0
2012;1992;20;90,7;7,6;1,5;0,2;0
2013;1993;20;91,4;6,9;1,5;0,2;0
2014;1994;20;92,6;5,6;1,6;0,2;0
2015;1995;20;93,3;4,9;1,6;0,2;0
2016;1996;20;93,9;4,5;1,4;0,2;0
2017;1997;20;94,2;4,4;1,3;0,1;0
2018;1998;20;94,5;4,4;1;0,1;0
2019;1999;20;94,8;4,2;0,9;0,1;0
2020;2000;20;95;4,2;0,7;0,1;0
2021;2001;20;95,4;3,9;0,6;0,1;0
2022;2002;20;96;3,4;0,6;0;0
2023;2003;20;96,2;3,2;0,6;0;0
2024;2004;20;96,3;3,2;0,5;0;0
1941;1920;21;88,8;9,3;1,7;0,2;0
1942;1921;21;88,5;9,7;1,6;0,2;0
1943;1922;21;88,3;10;1,5;0,2;0
1944;1923;21;88,2;10,1;1,5;0,2;0
1945;1924;21;87,7;10,6;1,5;0,2;0
1946;1925;21;87,6;10,7;1,5;0,2;0
1947;1926;21;86,9;11,3;1,6;0,2;0
1948;1927;21;85,4;12,6;1,8;0,2;0
1949;1928;21;84,6;13;2,1;0,3;0
1950;1929;21;83,9;13,4;2,4;0,3;0
1951;1930;21;84,1;13;2,6;0,3;0
1952;1931;21;84,4;12,6;2,6;0,4;0
1953;1932;21;84,3;12,7;2,5;0,4;0,1
1954;1933;21;83,9;13;2,6;0,4;0,1
1955;1934;21;83,5;13,3;2,8;0,3;0,1
1956;1935;21;83,5;13,1;2,9;0,4;0,1
1957;1936;21;82,4;13,9;3,2;0,5;0
1958;1937;21;81,6;14,5;3,3;0,5;0,1
1959;1938;21;80,5;15,1;3,7;0,6;0,1
1960;1939;21;79,5;15,8;4;0,6;0,1
1961;1940;21;78,4;16,3;4,4;0,8;0,1
1962;1941;21;77,1;17;4,9;0,9;0,1
1963;1942;21;76,9;16,8;5,2;1;0,1
1964;1943;21;76,3;16,9;5,6;1;0,2
1965;1944;21;75,5;17;6,1;1,2;0,2
1966;1945;21;74,2;17,9;6,5;1,2;0,2
1967;1946;21;73,9;18,1;6,6;1,2;0,2
1968;1947;21;74,7;17,7;6,4;1,1;0,1
1969;1948;21;74,3;17,8;6,6;1,1;0,2
1970;1949;21;74,1;18,1;6,5;1,1;0,2
1971;1950;21;73,8;18,2;6,7;1,1;0,2
1972;1951;21;73,2;18,6;6,9;1,2;0,1
1973;1952;21;73,3;18,5;7;1,1;0,1
1974;1953;21;74,2;17,9;6,9;0,9;0,1
1975;1954;21;75,6;16,9;6,5;0,9;0,1
1976;1955;21;76,8;16,1;6,2;0,8;0,1
1977;1956;21;78,5;14,9;5,8;0,7;0,1
1978;1957;21;79,7;14,2;5,3;0,7;0,1
1979;1958;21;81,1;13,5;4,7;0,6;0,1
1980;1959;21;82;12,8;4,5;0,6;0,1
1981;1960;21;82;12,8;4,5;0,6;0,1
1982;1961;21;82,4;12,6;4,3;0,6;0,1
1983;1962;21;83,1;12;4,3;0,5;0,1
1984;1963;21;83,8;11,8;3,8;0,5;0,1
1985;1964;21;84,5;11,4;3,5;0,6;0
1986;1965;21;84,6;11,3;3,5;0,6;0
1987;1966;21;84,3;11,6;3,5;0,5;0,1
1988;1967;21;83,7;12,1;3,6;0,5;0,1
1989;1968;21;82,9;12,8;3,6;0,6;0,1
1990;1969;21;82,6;13,2;3,5;0,6;0,1
1991;1970;21;82,4;13,4;3,5;0,6;0,1
1992;1971;21;82,6;13,1;3,6;0,6;0,1
1993;1972;21;82,7;13,1;3,5;0,6;0,1
1994;1973;21;83;12,8;3,5;0,6;0,1
1995;1974;21;83,5;12,3;3,5;0,6;0,1
1996;1975;21;84;11,9;3,4;0,6;0,1
1997;1976;21;83,8;11,9;3,6;0,6;0,1
1998;1977;21;83,3;12,6;3,4;0,6;0,1
1999;1978;21;83,3;12,7;3,3;0,6;0,1
2000;1979;21;82,8;13,2;3,4;0,6;0
2001;1980;21;82,9;13,2;3,3;0,6;0
2002;1981;21;82,7;13,6;3,1;0,6;0
2003;1982;21;83,3;12,8;3,4;0,5;0
2004;1983;21;83,8;12,2;3,5;0,5;0
2005;1984;21;84,3;11,7;3,5;0,5;0
2006;1985;21;84,7;11,4;3,4;0,5;0
2007;1986;21;84,5;11,5;3,5;0,5;0
2008;1987;21;84,6;11,5;3,4;0,5;0
2009;1988;21;84,8;11,3;3,4;0,5;0
2010;1989;21;85;11,1;3,4;0,5;0
2011;1990;21;85,4;10,8;3,3;0,5;0
2012;1991;21;86,4;10,1;3,1;0,4;0
2013;1992;21;87,5;9,1;2,9;0,5;0
2014;1993;21;88,5;8,4;2,6;0,5;0
2015;1994;21;89,9;7;2,7;0,4;0
2016;1995;21;90,6;6,4;2,6;0,4;0
2017;1996;21;91,2;6,2;2,3;0,3;0
2018;1997;21;91,5;6,2;2;0,3;0
2019;1998;21;92;6;1,8;0,2;0
2020;1999;21;92,3;6;1,5;0,2;0
2021;2000;21;92,6;5,9;1,3;0,2;0
2022;2001;21;93,3;5,3;1,3;0,1;0
2023;2002;21;93,9;4,9;1,1;0,1;0
2024;2003;21;94,1;4,8;1;0,1;0
1942;1920;22;82,6;13,8;3;0,5;0,1
1943;1921;22;81,5;15;3;0,4;0,1
1944;1922;22;81,3;15,3;2,9;0,4;0,1
1945;1923;22;80,9;15,6;3;0,4;0,1
1946;1924;22;80,6;15,9;3;0,4;0,1
1947;1925;22;79,7;16,7;3,1;0,4;0,1
1948;1926;22;77,3;18,6;3,5;0,5;0,1
1949;1927;22;76,2;19,1;4;0,6;0,1
1950;1928;22;75,6;19,3;4,4;0,6;0,1
1951;1929;22;75,9;18,4;4,7;0,9;0,1
1952;1930;22;76,2;17,9;4,9;0,9;0,1
1953;1931;22;76,3;17,8;4,8;0,9;0,2
1954;1932;22;75,9;18,1;4,8;1;0,2
1955;1933;22;75,4;18,4;5,1;0,9;0,2
1956;1934;22;74,8;18,8;5,2;1;0,2
1957;1935;22;74,2;19,1;5,4;1,1;0,2
1958;1936;22;72,9;19,8;6;1,1;0,2
1959;1937;22;72;20,2;6,3;1,3;0,2
1960;1938;22;70,9;20,6;6,8;1,4;0,3
1961;1939;22;69,8;21;7,3;1,6;0,3
1962;1940;22;68,5;21,5;7,8;1,8;0,4
1963;1941;22;67;22;8,6;2;0,4
1964;1942;22;67;21,6;8,7;2,3;0,4
1965;1943;22;66,8;21,2;9,1;2,4;0,5
1966;1944;22;65,9;21,5;9,7;2,4;0,5
1967;1945;22;64,7;22,3;10,1;2,4;0,5
1968;1946;22;64,8;22,1;10,3;2,3;0,5
1969;1947;22;66,2;21,4;9,8;2,2;0,4
1970;1948;22;66,1;21,3;9,9;2,2;0,5
1971;1949;22;66,2;21,2;10;2,2;0,4
1972;1950;22;66,1;21;10,3;2,2;0,4
1973;1951;22;66,2;21,1;10,3;2;0,4
1974;1952;22;66,9;20,5;10,3;2;0,3
1975;1953;22;68,1;19,7;10,2;1,7;0,3
1976;1954;22;70;18,6;9,5;1,7;0,2
1977;1955;22;71,4;17,8;9,1;1,5;0,2
1978;1956;22;73,3;16,6;8,5;1,4;0,2
1979;1957;22;74,3;16,1;8;1,4;0,2
1980;1958;22;75,5;15,7;7,3;1,3;0,2
1981;1959;22;76,3;15;7,2;1,3;0,2
1982;1960;22;76,7;14,8;7,1;1,2;0,2
1983;1961;22;77,5;14,3;6,8;1,2;0,2
1984;1962;22;78,3;13,8;6,6;1,1;0,2
1985;1963;22;79,1;13,6;6;1,1;0,2
1986;1964;22;79,8;13,3;5,7;1;0,2
1987;1965;22;80;13,2;5,6;1;0,2
1988;1966;22;79,6;13,5;5,6;1,1;0,2
1989;1967;22;78,9;14,1;5,7;1,1;0,2
1990;1968;22;78,1;14,9;5,6;1,2;0,2
1991;1969;22;78;15;5,6;1,2;0,2
1992;1970;22;77,9;15,3;5,5;1,1;0,2
1993;1971;22;78,4;14,8;5,4;1,2;0,2
1994;1972;22;78,7;14,6;5,4;1,1;0,2
1995;1973;22;79,3;14;5,4;1,1;0,2
1996;1974;22;79,6;13,8;5,3;1,1;0,2
1997;1975;22;80;13,6;5;1,2;0,2
1998;1976;22;79,8;13,5;5,4;1,1;0,2
1999;1977;22;79,3;14,3;5,2;1;0,2
2000;1978;22;79,3;14,4;5,1;1,1;0,1
2001;1979;22;79;14,7;5,2;1;0,1
2002;1980;22;79;14,9;5;1;0,1
2003;1981;22;78,9;15,2;4,8;1;0,1
2004;1982;22;79,3;14,5;5,2;0,9;0,1
2005;1983;22;79,9;13,9;5,2;0,9;0,1
2006;1984;22;80,4;13,4;5,2;0,9;0,1
2007;1985;22;80,8;13,1;5,1;0,9;0,1
2008;1986;22;80,4;13,4;5,2;0,9;0,1
2009;1987;22;80,5;13,3;5,2;0,9;0,1
2010;1988;22;80,8;13,1;5,1;0,9;0,1
2011;1989;22;81;12,9;5,2;0,8;0,1
2012;1990;22;81,6;12,6;4,9;0,8;0,1
2013;1991;22;83,2;11,2;4,7;0,8;0,1
2014;1992;22;84,5;10,2;4,3;0,9;0,1
2015;1993;22;85,7;9,4;4;0,8;0,1
2016;1994;22;87;8,3;3,9;0,7;0,1
2017;1995;22;87,7;7,9;3,7;0,6;0,1
2018;1996;22;88,4;7,7;3,3;0,5;0,1
2019;1997;22;88,9;7,6;3;0,4;0,1
2020;1998;22;89,4;7,5;2,6;0,4;0,1
2021;1999;22;89,8;7,5;2,3;0,3;0,1
2022;2000;22;90,3;7,2;2,1;0,4;0
2023;2001;22;91;6,7;2;0,3;0
2024;2002;22;91,7;6,3;1,7;0,3;0
1943;1920;23;75,1;18,9;4,9;0,9;0,2
1944;1921;23;73,7;20,4;4,9;0,8;0,2
1945;1922;23;73,4;20,4;5,1;0,9;0,2
1946;1923;23;73,2;20,8;5;0,8;0,2
1947;1924;23;71,7;22;5,3;0,8;0,2
1948;1925;23;69,1;24;5,7;1;0,2
1949;1926;23;67,6;24,7;6,4;1,1;0,2
1950;1927;23;67,2;24,3;7;1,3;0,2
1951;1928;23;67,2;23,9;7,2;1,4;0,3
1952;1929;23;67,7;22,9;7,4;1,7;0,3
1953;1930;23;67,5;22,9;7,5;1,7;0,4
1954;1931;23;67,2;23,1;7,5;1,8;0,4
1955;1932;23;67;23,1;7,6;1,8;0,5
1956;1933;23;66,3;23,5;7,9;1,8;0,5
1957;1934;23;65;24,4;8,2;1,9;0,5
1958;1935;23;64,2;24,6;8,6;2,1;0,5
1959;1936;23;62,9;25;9,3;2,3;0,5
1960;1937;23;62,2;24,9;9,8;2,5;0,6
1961;1938;23;61;25,1;10,6;2,6;0,7
1962;1939;23;59,8;25,4;11,1;2,9;0,8
1963;1940;23;58,4;25,6;11,8;3,2;1
1964;1941;23;57;25,7;12,7;3,6;1
1965;1942;23;57,1;25,2;12,8;3,8;1,1
1966;1943;23;57,2;24,6;13,2;3,9;1,1
1967;1944;23;56,6;24,7;13,6;4;1,1
1968;1945;23;55,6;25,4;14,2;3,8;1
1969;1946;23;56,1;24,8;14,4;3,7;1
1970;1947;23;58,2;23,9;13,6;3,4;0,9
1971;1948;23;58,1;23,5;14;3,5;0,9
1972;1949;23;58,6;23,2;13,8;3,5;0,9
1973;1950;23;59,3;22,6;13,9;3,4;0,8
1974;1951;23;59,9;22,4;13,9;3,1;0,7
1975;1952;23;60,8;21,8;13,8;3;0,6
1976;1953;23;62,4;20,9;13,4;2,8;0,5
1977;1954;23;64,6;19,6;12,7;2,7;0,4
1978;1955;23;66;19,2;12;2,4;0,4
1979;1956;23;67,6;18,4;11,3;2,3;0,4
1980;1957;23;68,3;18;11;2,3;0,4
1981;1958;23;69,4;17,7;10,3;2,2;0,4
1982;1959;23;70,7;16,7;10,1;2,1;0,4
1983;1960;23;71,4;16,2;9,9;2,1;0,4
1984;1961;23;72,3;15,8;9,5;2;0,4
1985;1962;23;73,3;15,3;9;2;0,4
1986;1963;23;74,2;15,1;8,5;1,8;0,4
1987;1964;23;74,9;14,9;8;1,9;0,3
1988;1965;23;75,3;14,6;7,9;1,9;0,3
1989;1966;23;74,7;15,1;8;1,9;0,3
1990;1967;23;74,2;15,5;8;1,9;0,4
1991;1968;23;73,5;16,2;7,9;2;0,4
1992;1969;23;73,5;16,4;7,8;1,9;0,4
1993;1970;23;73,5;16,6;7,6;2;0,3
1994;1971;23;74,2;16,1;7,4;2;0,3
1995;1972;23;74,8;15,8;7,2;1,8;0,4
1996;1973;23;75,5;15,1;7,3;1,7;0,4
1997;1974;23;75,7;15,1;7;1,7;0,5
1998;1975;23;76,2;14,7;7;1,6;0,5
1999;1976;23;75,9;14,8;7,3;1,6;0,4
2000;1977;23;75,5;15,5;7,2;1,4;0,4
2001;1978;23;75,7;15,5;7;1,5;0,3
2002;1979;23;75,4;15,8;7,1;1,4;0,3
2003;1980;23;75,5;15,8;7;1,4;0,3
2004;1981;23;75,3;16,3;6,7;1,5;0,2
2005;1982;23;75,5;15,7;7,1;1,5;0,2
2006;1983;23;76,1;15,1;7,2;1,4;0,2
2007;1984;23;76,5;14,7;7,2;1,4;0,2
2008;1985;23;76,9;14,5;7;1,4;0,2
2009;1986;23;76,4;14,7;7,3;1,4;0,2
2010;1987;23;76,4;14,7;7,3;1,4;0,2
2011;1988;23;76,7;14,5;7,2;1,4;0,2
2012;1989;23;77;14,3;7,1;1,4;0,2
2013;1990;23;78,2;13,3;6,8;1,5;0,2
2014;1991;23;80,2;11,9;6,3;1,4;0,2
2015;1992;23;81,6;11;5,8;1,4;0,2
2016;1993;23;82,8;10,3;5,4;1,3;0,2
2017;1994;23;84,1;9,4;5,2;1,1;0,2
2018;1995;23;84,8;9;5,1;0,9;0,2
2019;1996;23;85,6;8,9;4,5;0,9;0,1
2020;1997;23;86,1;8,9;4,2;0,7;0,1
2021;1998;23;86,9;8,7;3,6;0,7;0,1
2022;1999;23;87,4;8,5;3,4;0,6;0,1
2023;2000;23;87,8;8,4;3,2;0,5;0,1
2024;2001;23;88,5;8,1;2,9;0,4;0,1
1944;1920;24;67,5;23,6;6,9;1,6;0,4
1945;1921;24;65,8;24,6;7,6;1,6;0,4
1946;1922;24;66,1;24,4;7,6;1,5;0,4
1947;1923;24;64,1;26;8;1,5;0,4
1948;1924;24;60,5;28,5;8,9;1,7;0,4
1949;1925;24;59,7;28,6;9,4;1,9;0,4
1950;1926;24;59,2;28;10,2;2,1;0,5
1951;1927;24;59,3;27,6;10,2;2,3;0,6
1952;1928;24;59,2;27,3;10,3;2,6;0,6
1953;1929;24;59,5;26,6;10,4;2,8;0,7
1954;1930;24;58,8;26,8;10,7;2,9;0,8
1955;1931;24;58,5;27;10,7;2,9;0,9
1956;1932;24;58,5;26,8;10,9;2,9;0,9
1957;1933;24;57,2;27,4;11,4;3;1
1958;1934;24;55,4;28,5;11,9;3,2;1
1959;1935;24;54,7;28,2;12,5;3,5;1,1
1960;1936;24;53,8;28,2;13,1;3,8;1,1
1961;1937;24;53,2;27,6;13,9;4;1,3
1962;1938;24;51,7;27,7;14,9;4,3;1,4
1963;1939;24;50,4;27,8;15,6;4,6;1,6
1964;1940;24;49,1;27,7;16,3;5;1,9
1965;1941;24;47,8;27,5;17,2;5,5;2
1966;1942;24;48;27,1;17,2;5,7;2
1967;1943;24;48,4;26,4;17,5;5,7;2
1968;1944;24;48,1;26,4;18;5,6;1,9
1969;1945;24;47,5;26,8;18,5;5,4;1,8
1970;1946;24;48,3;26;18,7;5,3;1,7
1971;1947;24;50,7;25,2;17,6;5;1,5
1972;1948;24;50,5;24,9;18;5,1;1,5
1973;1949;24;51,7;24,3;17,7;4,9;1,4
1974;1950;24;52,9;23,5;17,7;4,6;1,3
1975;1951;24;53,9;23,3;17,4;4,3;1,1
1976;1952;24;55,2;22,5;17,1;4,2;1
1977;1953;24;57;21,5;16,8;3,8;0,9
1978;1954;24;59,4;20,4;15,8;3,6;0,8
1979;1955;24;60,3;20,4;15,1;3,5;0,7
1980;1956;24;61,5;19,8;14,5;3,5;0,7
1981;1957;24;62,1;19,6;14,1;3,4;0,8
1982;1958;24;63,7;19,1;13,1;3,3;0,8
1983;1959;24;65,3;17,8;13;3,1;0,8
1984;1960;24;66;17,4;12,7;3,1;0,8
1985;1961;24;67,1;17;12,1;3;0,8
1986;1962;24;68,1;16,6;11,6;3;0,7
1987;1963;24;69,1;16,5;10,8;2,9;0,7
1988;1964;24;69,9;16,2;10,4;2,9;0,6
1989;1965;24;70,2;16;10,3;2,8;0,7
1990;1966;24;69,8;16,5;10,2;2,8;0,7
1991;1967;24;69,5;16,6;10,3;2,9;0,7
1992;1968;24;68,8;17,4;10,2;2,9;0,7
1993;1969;24;69,1;17,3;10;2,9;0,7
1994;1970;24;69,3;17,5;9,7;2,9;0,6
1995;1971;24;70,3;16,9;9,4;2,8;0,6
1996;1972;24;71;16,7;9;2,6;0,7
1997;1973;24;71,8;15,9;9,1;2,5;0,7
1998;1974;24;72,1;15,8;9;2,3;0,8
1999;1975;24;72,5;15,6;8,9;2,2;0,8
2000;1976;24;72,1;15,9;9,1;2,2;0,7
2001;1977;24;71,9;16,4;9,1;2;0,6
2002;1978;24;72,3;16,2;8,9;2;0,6
2003;1979;24;71,9;16,5;9,1;2,1;0,4
2004;1980;24;71,9;16,5;9,1;2,1;0,4
2005;1981;24;71,7;16,9;8,9;2,1;0,4
2006;1982;24;71,9;16,4;9,2;2,1;0,4
2007;1983;24;72,4;15,8;9,4;2;0,4
2008;1984;24;72,8;15,4;9,4;2;0,4
2009;1985;24;73;15,3;9,3;2;0,4
2010;1986;24;72,6;15,5;9,5;2;0,4
2011;1987;24;72,4;15,5;9,7;2;0,4
2012;1988;24;72,8;15,3;9,5;2;0,4
2013;1989;24;73,6;14,8;8,9;2,2;0,5
2014;1990;24;75,1;13,8;8,5;2,1;0,5
2015;1991;24;77,2;12,5;7,8;2,1;0,4
2016;1992;24;78,7;11,6;7,4;1,9;0,4
2017;1993;24;79,8;11,2;6,9;1,7;0,4
2018;1994;24;81,2;10,3;6,6;1,6;0,3
2019;1995;24;81,9;10,1;6,4;1,3;0,3
2020;1996;24;82,8;10;5,7;1,2;0,3
2021;1997;24;83,3;10,2;5,2;1,1;0,2
2022;1998;24;84,2;9,8;4,8;1;0,2
2023;1999;24;84,7;9,8;4,4;0,9;0,2
2024;2000;24;85,2;9,6;4,2;0,8;0,2
1945;1920;25;60,3;26,6;9,8;2,6;0,7
1946;1921;25;59;27,5;10,3;2,5;0,7
1947;1922;25;57,3;28,5;10,9;2,6;0,7
1948;1923;25;53,4;31,2;11,9;2,8;0,7
1949;1924;25;51,7;31,9;12,6;3;0,8
1950;1925;25;51,9;31;13;3,3;0,8
1951;1926;25;51,9;30,1;13,5;3,5;1
1952;1927;25;52,1;29,6;13,5;3,7;1,1
1953;1928;25;51,7;29,8;13,3;3,9;1,3
1954;1929;25;51,7;29,3;13,6;4;1,4
1955;1930;25;51;29,2;14,1;4,2;1,5
1956;1931;25;50,9;29,1;14,1;4,4;1,5
1957;1932;25;50,3;29,2;14,6;4,3;1,6
1958;1933;25;48,8;29,6;15,3;4,6;1,7
1959;1934;25;46,8;30,5;16;4,9;1,8
1960;1935;25;46,3;29,8;16,8;5,2;1,9
1961;1936;25;45,7;29,4;17,2;5,6;2,1
1962;1937;25;44,9;28,8;18;6;2,3
1963;1938;25;43,3;28,8;19,1;6,3;2,5
1964;1939;25;42,2;28,5;19,9;6,6;2,8
1965;1940;25;40,9;28,1;20,7;7,1;3,2
1966;1941;25;39,6;28;21,5;7,7;3,2
1967;1942;25;40,2;27,4;21,6;7,6;3,2
1968;1943;25;40,8;26,8;21,9;7,4;3,1
1969;1944;25;40,6;26,8;22,3;7,4;2,9
1970;1945;25;40,3;26,9;23;7,1;2,7
1971;1946;25;41;26,5;22,8;7,2;2,5
1972;1947;25;43,6;25,9;21,7;6,5;2,3
1973;1948;25;43,7;25,5;22;6,7;2,1
1974;1949;25;45,3;24,9;21,6;6,2;2
1975;1950;25;46,7;24,3;21,3;6;1,7
1976;1951;25;48,3;23,8;20,8;5,5;1,6
1977;1952;25;49,7;22,9;20,5;5,5;1,4
1978;1953;25;51,6;22,1;20,1;4,9;1,3
1979;1954;25;53,7;21,3;19;4,8;1,2
1980;1955;25;54,2;21,5;18,4;4,7;1,2
1981;1956;25;55,3;21;17,7;4,8;1,2
1982;1957;25;56,3;20,3;17,4;4,8;1,2
1983;1958;25;58,2;19,7;16,3;4,5;1,3
1984;1959;25;59,8;18,6;16;4,3;1,3
1985;1960;25;60,6;18,3;15,5;4,4;1,2
1986;1961;25;61,9;17,8;14,9;4,2;1,2
1987;1962;25;62,9;17,6;14,2;4,1;1,2
1988;1963;25;63,9;17,6;13,3;4,1;1,1
1989;1964;25;64,6;17,5;12,8;4,1;1
1990;1965;25;65,2;17,1;12,7;3,9;1,1
1991;1966;25;64,9;17,5;12,5;4;1,1
1992;1967;25;64,7;17,6;12,6;3,9;1,2
1993;1968;25;64,3;18;12,6;3,9;1,2
1994;1969;25;64,8;17,9;12,4;3,8;1,1
1995;1970;25;65,1;18,2;11,9;3,8;1
1996;1971;25;66,3;17,6;11,4;3,7;1
1997;1972;25;67,2;17,3;11;3,5;1
1998;1973;25;67,9;16,7;11;3,3;1,1
1999;1974;25;68,3;16,5;11;3;1,2
2000;1975;25;68,8;16,4;10,8;2,8;1,2
2001;1976;25;68,4;16,8;11;2,7;1,1
2002;1977;25;68,4;17,2;10,9;2,6;0,9
2003;1978;25;68,8;17;10,7;2,7;0,8
2004;1979;25;68,2;17,5;10,8;2,9;0,6
2005;1980;25;68,1;17,5;10,8;3;0,6
2006;1981;25;67,9;18;10,5;3;0,6
2007;1982;25;67,9;17,6;10,9;3;0,6
2008;1983;25;68,3;17,1;11,1;2,9;0,6
2009;1984;25;68,6;16,8;11,1;2,9;0,6
2010;1985;25;68,9;16,5;11,1;3;0,5
2011;1986;25;68,4;16,8;11,3;3;0,5
2012;1987;25;68,1;16,9;11,5;3;0,5
2013;1988;25;69;15,8;11,5;3;0,7
2014;1989;25;70,2;15,2;10,7;3,1;0,8
2015;1990;25;71,8;14,3;10,2;2,9;0,8
2016;1991;25;73,9;13,1;9,6;2,7;0,7
2017;1992;25;75,4;12,5;8,9;2,6;0,6
2018;1993;25;76,6;12;8,5;2,3;0,6
2019;1994;25;78;11,4;8;2,1;0,5
2020;1995;25;78,8;11,1;7,8;1,9;0,4
2021;1996;25;79,7;11,2;7,1;1,6;0,4
2022;1997;25;80,4;11,2;6,5;1,5;0,4
2023;1998;25;81,2;11,1;6;1,4;0,3
2024;1999;25;81,9;11;5,5;1,3;0,3
1946;1920;26;54,5;28,4;12,4;3,5;1,2
1947;1921;26;50,8;30,6;13,7;3,7;1,2
1948;1922;26;47,9;32;14,9;4;1,2
1949;1923;26;45,9;33;15,6;4,2;1,3
1950;1924;26;45;32,9;16,3;4,4;1,4
1951;1925;26;45,7;31,7;16,3;4,8;1,5
1952;1926;26;45,7;30,9;16,6;5,1;1,7
1953;1927;26;45,8;30,7;16,5;5,1;1,9
1954;1928;26;45;31,1;16,5;5,3;2,1
1955;1929;26;45,1;30,4;16,8;5,5;2,2
1956;1930;26;44,2;30,3;17,4;5,7;2,4
1957;1931;26;43,8;30,2;17,7;5,8;2,5
1958;1932;26;43;30,3;18,2;6;2,5
1959;1933;26;41,4;30,3;19,2;6,4;2,7
1960;1934;26;39,5;30,7;20,2;6,7;2,9
1961;1935;26;38,9;29,8;21;7,1;3,2
1962;1936;26;38,3;29,4;21,3;7,6;3,4
1963;1937;26;37,5;28,7;22;8,1;3,7
1964;1938;26;36;28,4;23,1;8,5;4
1965;1939;26;35;27,8;23,9;9;4,3
1966;1940;26;33,8;27,4;24,8;9,4;4,6
1967;1941;26;32,8;27,2;25,6;9,9;4,5
1968;1942;26;33,6;26,5;25,8;9,7;4,4
1969;1943;26;34,3;26;26,1;9,3;4,3
1970;1944;26;34,2;26,2;26,3;9,3;4
1971;1945;26;34;26,3;27;9;3,7
1972;1946;26;34,4;26,2;26,8;9,1;3,5
1973;1947;26;37,4;25,9;25,5;8,2;3
1974;1948;26;37,5;25,5;26,1;8,1;2,8
1975;1949;26;39,5;24,9;25,5;7,6;2,5
1976;1950;26;41,1;24,4;24,9;7,3;2,3
1977;1951;26;42,9;23,9;24,3;6,8;2,1
1978;1952;26;44,3;23,2;23,9;6,8;1,8
1979;1953;26;45,9;22,7;23,3;6,3;1,8
1980;1954;26;47,7;22;22,3;6,3;1,7
1981;1955;26;48,1;22,1;21,9;6,1;1,8
1982;1956;26;49,6;21,4;21;6,2;1,8
1983;1957;26;50,9;20,6;20,6;6;1,9
1984;1958;26;52,6;20,4;19,4;5,7;1,9
1985;1959;26;54,3;19,4;18,9;5,5;1,9
1986;1960;26;55,1;19;18,4;5,6;1,9
1987;1961;26;56,7;18,4;17,6;5,5;1,8
1988;1962;26;57,6;18,5;16,7;5,5;1,7
1989;1963;26;58,5;18,6;16;5,3;1,6
1990;1964;26;59,5;18,3;15,5;5,2;1,5
1991;1965;26;60,1;17,9;15,3;5,1;1,6
1992;1966;26;59,9;18,4;14,9;5,2;1,6
1993;1967;26;59,9;18,5;14,8;5,1;1,7
1994;1968;26;59,7;18,8;14,8;5;1,7
1995;1969;26;60,3;18,8;14,4;4,9;1,6
1996;1970;26;60,7;19,2;13,9;4,7;1,5
1997;1971;26;62;18,5;13,5;4,6;1,4
1998;1972;26;63,1;18,2;12,9;4,3;1,5
1999;1973;26;63,8;17,8;12,8;4,2;1,4
2000;1974;26;64,4;17,4;12,7;3,9;1,6
2001;1975;26;65,1;17,1;12,6;3,7;1,5
2002;1976;26;64,9;17,4;12,7;3,6;1,4
2003;1977;26;64,7;18,1;12,6;3,4;1,2
2004;1978;26;65,1;17,8;12,3;3,6;1,2
2005;1979;26;64,4;18,3;12,5;3,8;1
2006;1980;26;64,3;18,4;12,5;3,8;1
2007;1981;26;63,9;19;12,3;3,9;0,9
2008;1982;26;63,8;18,6;12,7;4;0,9
2009;1983;26;64,2;18,1;12,9;3,9;0,9
2010;1984;26;64,5;17,7;13;3,9;0,9
2011;1985;26;64,7;17,5;13;3,9;0,9
2012;1986;26;64,2;17,7;13,3;3,9;0,9
2013;1987;26;64,3;17,2;13,5;4;1
2014;1988;26;65,4;16,1;13,4;3,9;1,2
2015;1989;26;66,6;15,6;12,6;4;1,2
2016;1990;26;68,2;14,8;12;3,9;1,1
2017;1991;26;70,3;13,9;11,3;3,5;1
2018;1992;26;71,8;13,5;10,6;3,2;0,9
2019;1993;26;73;13,2;10;2,9;0,9
2020;1994;26;74,6;12,5;9,5;2,7;0,7
2021;1995;26;75,3;12,5;9,2;2,3;0,7
2022;1996;26;76,4;12,3;8,5;2,2;0,6
2023;1997;26;77;12,6;7,9;1,9;0,6
2024;1998;26;78;12,4;7,3;1,8;0,5
1947;1920;27;47,2;30,3;15,6;5;1,9
1948;1921;27;42,3;32,8;17,5;5,5;1,9
1949;1922;27;41,6;32,7;18,2;5,5;2
1950;1923;27;40,1;33,1;18,9;5,8;2,1
1951;1924;27;39,8;32,6;19,3;6,1;2,2
1952;1925;27;40,5;31,7;19,1;6,3;2,4
1953;1926;27;40,2;31,1;19,4;6,6;2,7
1954;1927;27;40,1;31;19,4;6,6;2,9
1955;1928;27;39,4;31,4;19,3;6,8;3,1
1956;1929;27;39,5;30,4;20;6,9;3,2
1957;1930;27;38,1;30,4;20,8;7,2;3,5
1958;1931;27;37,6;30,1;21,2;7,5;3,6
1959;1932;27;36,9;30;21,7;7,7;3,7
1960;1933;27;35,3;29,7;22,9;8,2;3,9
1961;1934;27;33,2;29,9;24;8,6;4,3
1962;1935;27;32,7;28,8;24,7;9,1;4,7
1963;1936;27;32,2;28,3;24,7;9,9;4,9
1964;1937;27;31,5;27,3;25,6;10,3;5,3
1965;1938;27;30;27;26,5;10,8;5,7
1966;1939;27;29,3;26,2;27,4;11,2;5,9
1967;1940;27;28,3;25,5;28,4;11,7;6,1
1968;1941;27;27,5;25,4;29,1;12,1;5,9
1969;1942;27;28,3;24,9;29,3;11,8;5,7
1970;1943;27;29;24,4;29,8;11,4;5,4
1971;1944;27;28,9;24,8;29,9;11,4;5
1972;1945;27;28,5;25;30,8;11;4,7
1973;1946;27;28,8;25,4;30,6;10,8;4,4
1974;1947;27;32,1;25,1;29,4;9,7;3,7
1975;1948;27;32,2;24,9;30;9,5;3,4
1976;1949;27;34,3;24,5;29,3;8,8;3,1
1977;1950;27;36,1;23,9;28,6;8,5;2,9
1978;1951;27;38;23,6;27,8;8;2,6
1979;1952;27;39;23,2;27,4;8;2,4
1980;1953;27;40,2;22,9;26,7;7,8;2,4
1981;1954;27;42,1;22,1;25,7;7,7;2,4
1982;1955;27;42,7;22,2;25,2;7,5;2,4
1983;1956;27;44,5;21,3;24,2;7,5;2,5
1984;1957;27;45,7;20,7;23,7;7,3;2,6
1985;1958;27;47,4;20,5;22,5;7;2,6
1986;1959;27;49;19,6;22;6,9;2,5
1987;1960;27;50,1;19,1;21,3;7;2,5
1988;1961;27;51,4;18,9;20,5;6,7;2,5
1989;1962;27;52,4;19,1;19,4;6,7;2,4
1990;1963;27;53,4;19,2;18,7;6,5;2,2
1991;1964;27;54,4;18,8;18,2;6,5;2,1
1992;1965;27;55,1;18,5;17,8;6,5;2,1
1993;1966;27;55;19;17,4;6,4;2,2
1994;1967;27;55,1;19,2;17,2;6,2;2,3
1995;1968;27;55,1;19,5;17;6,2;2,2
1996;1969;27;55,8;19,6;16,5;6;2,1
1997;1970;27;56,1;20,2;15,9;5,8;2
1998;1971;27;57,5;19,5;15,5;5,6;1,9
1999;1972;27;58,8;19,1;14,9;5,3;1,9
2000;1973;27;59,6;18,9;14,6;5;1,9
2001;1974;27;60,3;18,5;14,4;4,8;2
2002;1975;27;61,2;18;14,3;4,6;1,9
2003;1976;27;61;18,4;14,3;4,5;1,8
2004;1977;27;60,7;19,1;14,1;4,5;1,6
2005;1978;27;61;19;13,8;4,7;1,5
2006;1979;27;60,3;19,4;14,1;4,9;1,3
2007;1980;27;60;19,7;14;5;1,3
2008;1981;27;59,6;20,2;13,9;5;1,3
2009;1982;27;59,4;19,8;14,4;5,1;1,3
2010;1983;27;59,8;19,2;14,6;5,1;1,3
2011;1984;27;60;18,9;14,7;5,1;1,3
2012;1985;27;60,1;18,8;14,7;5,2;1,2
2013;1986;27;60,2;18,2;15,2;5;1,4
2014;1987;27;60,5;17,5;15,4;5;1,6
2015;1988;27;61,5;16,6;15,2;5;1,7
2016;1989;27;62,8;16;14,5;5;1,7
2017;1990;27;64,2;15,6;13,9;4,7;1,6
2018;1991;27;66,4;14,8;13,1;4,3;1,4
2019;1992;27;68;14,6;12,2;4;1,2
2020;1993;27;69,2;14,4;11,6;3,6;1,2
2021;1994;27;70,9;13,8;11;3,3;1
2022;1995;27;71,6;13,7;10,8;3;0,9
2023;1996;27;72,7;13,6;10;2,8;0,9
2024;1997;27;73,4;14,1;9,2;2,5;0,8
1948;1920;28;40,4;31,2;19,1;6,5;2,8
1949;1921;28;36,9;32,7;20,7;6,9;2,8
1950;1922;28;36,7;32,3;21,2;6,9;2,9
1951;1923;28;35,6;32,4;21,7;7,3;3
1952;1924;28;35,5;31,8;21,9;7,5;3,3
1953;1925;28;36;31,3;21,7;7,6;3,4
1954;1926;28;35,5;30,6;22,1;8;3,8
1955;1927;28;35,4;30,6;22;8;4
1956;1928;28;34,7;30,8;22,2;8,1;4,2
1957;1929;28;34,5;30,1;22,8;8,2;4,4
1958;1930;28;32,8;29,9;23,8;8,7;4,8
1959;1931;28;32,5;29,3;24,2;9,1;4,9
1960;1932;28;31,9;29,1;24,6;9,4;5
1961;1933;28;30,2;28,4;26;10;5,4
1962;1934;28;28,2;28,3;27;10,6;5,9
1963;1935;28;27,6;27,4;27,5;11,2;6,3
1964;1936;28;27,3;26,5;27,6;11,9;6,7
1965;1937;28;26,6;25,2;28,7;12,4;7,1
1966;1938;28;25,3;25;29,3;13;7,4
1967;1939;28;24,8;24,1;30,3;13,4;7,4
1968;1940;28;24;23,4;31,3;13,8;7,5
1969;1941;28;23,3;23,4;31,9;14,1;7,3
1970;1942;28;24,2;22,8;32,2;13,8;7
1971;1943;28;24,9;22,4;32,8;13,2;6,7
1972;1944;28;24,4;23,2;33;13,2;6,2
1973;1945;28;24,1;23,4;34,1;12,7;5,7
1974;1946;28;24,4;24;34,1;12,3;5,2
1975;1947;28;27,7;23,9;33;11,1;4,3
1976;1948;28;27,8;23,8;33,6;10,8;4
1977;1949;28;29,9;23,5;32,8;10,1;3,7
1978;1950;28;31,7;23;32,2;9,6;3,5
1979;1951;28;33,3;23;31,2;9,3;3,2
1980;1952;28;34;22,7;30,7;9,5;3,1
1981;1953;28;35,2;22,3;30,1;9,3;3,1
1982;1954;28;37,2;21,7;28,8;9,2;3,1
1983;1955;28;38,1;21,6;28,3;8,9;3,1
1984;1956;28;39,8;20,9;27,1;9;3,2
1985;1957;28;41;20,4;26,6;8,7;3,3
1986;1958;28;42,5;20,4;25,3;8,5;3,3
1987;1959;28;44,3;19,4;24,8;8,2;3,3
1988;1960;28;45,2;19,2;24;8,3;3,3
1989;1961;28;46,5;19;23,3;8;3,2
1990;1962;28;47,5;19,4;22,1;7,9;3,1
1991;1963;28;48,5;19,3;21,5;7,8;2,9
1992;1964;28;49,5;19,1;21;7,7;2,7
1993;1965;28;50,3;18,9;20,4;7,6;2,8
1994;1966;28;50,2;19,6;19,7;7,7;2,8
1995;1967;28;50,4;19,8;19,5;7,4;2,9
1996;1968;28;50,5;20,3;19;7,4;2,8
1997;1969;28;51,3;20,4;18,4;7,2;2,7
1998;1970;28;51,7;20,9;18;6,8;2,6
1999;1971;28;53;20,5;17,4;6,7;2,4
2000;1972;28;54,4;20,2;16,7;6,3;2,4
2001;1973;28;55,5;19,8;16,3;6;2,4
2002;1974;28;56,2;19,5;16,1;5,7;2,5
2003;1975;28;57,2;19;15,9;5,5;2,4
2004;1976;28;56,8;19,4;15,9;5,6;2,3
2005;1977;28;56,5;20,2;15,6;5,7;2
2006;1978;28;56,7;20,1;15,4;5,8;2
2007;1979;28;55,9;20,6;15,6;6,1;1,8
2008;1980;28;55,5;21;15,5;6,2;1,8
2009;1981;28;55;21,5;15,4;6,3;1,8
2010;1982;28;54,9;21;16;6,4;1,7
2011;1983;28;55,2;20,5;16,2;6,4;1,7
2012;1984;28;55,4;20,1;16,4;6,3;1,8
2013;1985;28;55,9;19,3;16,8;6,1;1,9
2014;1986;28;56,2;18,5;17,3;6;2
2015;1987;28;56,5;17,8;17,5;6;2,2
2016;1988;28;57,4;17,1;17,3;5,9;2,3
2017;1989;28;58,6;16,7;16,5;6;2,2
2018;1990;28;59,9;16,6;15,9;5,6;2
2019;1991;28;62,3;15,9;14,9;5,1;1,8
2020;1992;28;63,9;15,8;14;4,7;1,6
2021;1993;28;65,1;15,8;13,3;4,3;1,5
2022;1994;28;66,8;15,2;12,7;4;1,3
2023;1995;28;67,7;15;12,4;3,7;1,2
2024;1996;28;68,6;15,3;11,6;3,4;1,1
1949;1920;29;36;30,6;21,7;7,9;3,8
1950;1921;29;32,8;31,6;23,4;8,3;3,9
1951;1922;29;33;31,1;23,5;8,5;3,9
1952;1923;29;31,8;31,5;23,8;8,8;4,1
1953;1924;29;31,6;31,2;23,9;8,9;4,4
1954;1925;29;32,1;30,5;23,9;8,9;4,6
1955;1926;29;31,6;29,7;24,3;9,4;5
1956;1927;29;31,4;29,8;24,2;9,4;5,2
1957;1928;29;30,5;29,9;24,5;9,6;5,5
1958;1929;29;30,2;29,1;25,2;9,8;5,7
1959;1930;29;28,5;28,7;26,2;10,4;6,2
1960;1931;29;28,3;28;26,6;10,8;6,3
1961;1932;29;27,9;27,4;27,1;11,1;6,5
1962;1933;29;26,1;26,5;28,5;11,9;7
1963;1934;29;24;26,4;29,4;12,5;7,7
1964;1935;29;23,5;25,4;29,8;13,1;8,2
1965;1936;29;23,3;24,3;30;13,8;8,6
1966;1937;29;22,8;23,1;30,8;14,4;8,9
1967;1938;29;21,7;22,7;31,5;15;9,1
1968;1939;29;21,5;21,7;32,4;15,4;9
1969;1940;29;20,7;21;33,4;15,8;9,1
1970;1941;29;20,2;21,1;33,9;16;8,8
1971;1942;29;21;20,7;34,3;15,7;8,3
1972;1943;29;21,6;20,3;35,1;15;8
1973;1944;29;21;21,4;35,6;14,9;7,1
1974;1945;29;20,7;21,7;36,9;14,2;6,5
1975;1946;29;20,8;22,5;37,1;13,6;6
1976;1947;29;24,3;22,4;36;12,3;5
1977;1948;29;24,2;22,3;36,8;12,1;4,6
1978;1949;29;26,3;22,2;35,9;11,3;4,3
1979;1950;29;27,8;21,9;35,3;10,9;4,1
1980;1951;29;29;22,1;34,3;10,7;3,9
1981;1952;29;29,7;21,8;33,7;11;3,8
1982;1953;29;31,1;21,2;33,1;10,8;3,8
1983;1954;29;33,2;20,7;31,6;10,7;3,8
1984;1955;29;34,1;20,7;31;10,3;3,9
1985;1956;29;35,7;20;30;10,3;4
1986;1957;29;36,7;19,7;29,3;10,2;4,1
1987;1958;29;38,3;19,8;28;9,8;4,1
1988;1959;29;39,8;19,2;27,4;9,6;4
1989;1960;29;40,6;19,1;26,6;9,7;4
1990;1961;29;42,1;18,7;25,9;9,4;3,9
1991;1962;29;42,9;19,3;24,7;9,3;3,8
1992;1963;29;43,9;19,2;24,3;9;3,6
1993;1964;29;45;19;23,7;8,8;3,5
1994;1965;29;45,8;18,9;23;8,8;3,5
1995;1966;29;45,8;19,6;22,3;8,8;3,5
1996;1967;29;46,1;19,9;22;8,5;3,5
1997;1968;29;46;20,7;21,4;8,4;3,5
1998;1969;29;46,9;20,8;20,7;8,3;3,3
1999;1970;29;47,3;21,4;20,3;7,9;3,1
2000;1971;29;48,6;21,2;19,6;7,6;3
2001;1972;29;50,1;21,2;18,5;7,3;2,9
2002;1973;29;51,4;20,6;18,3;6,8;2,9
2003;1974;29;51,9;20,5;18;6,6;3
2004;1975;29;52,8;20;17,8;6,4;3
2005;1976;29;52,2;20,6;17,8;6,5;2,9
2006;1977;29;52;21,3;17,5;6,6;2,6
2007;1978;29;52,2;21,2;17,3;6,7;2,6
2008;1979;29;51,2;21,9;17,5;7;2,4
2009;1980;29;50,7;22,2;17,5;7,2;2,4
2010;1981;29;50,3;22,6;17,4;7,3;2,4
2011;1982;29;50,1;22,2;17,9;7,4;2,4
2012;1983;29;50,4;21,7;18,2;7,3;2,4
2013;1984;29;51,1;20,5;18,5;7,5;2,4
2014;1985;29;51,8;19,6;18,8;7,3;2,5
2015;1986;29;52,1;18,8;19,3;7,1;2,7
2016;1987;29;52,2;18,4;19,5;7,1;2,8
2017;1988;29;52,9;17,9;19,4;6,9;2,9
2018;1989;29;54,2;17,6;18,5;6,9;2,8
2019;1990;29;55,6;17,6;17,8;6,5;2,5
2020;1991;29;58;17,1;16,8;5,9;2,2
2021;1992;29;59,7;17;15,9;5,4;2
2022;1993;29;60,9;17;15,1;5,1;1,9
2023;1994;29;62,6;16,6;14,4;4,7;1,7
2024;1995;29;63,4;16,6;14,1;4,3;1,6
1950;1920;30;32,6;29,4;23,8;9,3;4,9
1951;1921;30;29,7;30,2;25,4;9,7;5
1952;1922;30;30;29,8;25,3;9,9;5
1953;1923;30;28,6;30,5;25,6;10,1;5,2
1954;1924;30;28,4;30,1;25,7;10,3;5,5
1955;1925;30;29;29,5;25,5;10,3;5,7
1956;1926;30;28,4;28,7;26,1;10,6;6,2
1957;1927;30;28;28,8;26,1;10,7;6,4
1958;1928;30;26,9;28,8;26,5;11;6,8
1959;1929;30;26,6;28;27,1;11,3;7
1960;1930;30;25;27,3;28,2;12;7,5
1961;1931;30;24,9;26,3;28,6;12,4;7,8
1962;1932;30;24,5;25,8;28,9;12,7;8,1
1963;1933;30;22,8;24,8;30,1;13,5;8,8
1964;1934;30;20,8;24,5;30,9;14,3;9,5
1965;1935;30;20,4;23,2;31,4;15;10
1966;1936;30;20,3;22,3;31,3;15,7;10,4
1967;1937;30;20,1;20,9;32,3;16,1;10,6
1968;1938;30;19,1;20,7;32,8;16,8;10,6
1969;1939;30;19;19,5;33,9;17,1;10,5
1970;1940;30;18,4;18,8;34,7;17,5;10,6
1971;1941;30;17,9;19,1;35,1;17,7;10,2
1972;1942;30;18,5;18,8;35,7;17,4;9,6
1973;1943;30;19,1;18,4;36,9;16,5;9,1
1974;1944;30;18,4;19,6;37,8;16,3;7,9
1975;1945;30;18;20,1;39,2;15,4;7,3
1976;1946;30;18,1;20,8;39,6;14,9;6,6
1977;1947;30;21,6;20,8;38,5;13,5;5,6
1978;1948;30;21,3;20,8;39,4;13,3;5,2
1979;1949;30;23,1;20,9;38,4;12,6;5
1980;1950;30;24,4;20,5;37,9;12,4;4,8
1981;1951;30;25,6;20,7;36,9;12,2;4,6
1982;1952;30;26,4;20,2;36,6;12,2;4,6
1983;1953;30;27,7;20;35,6;12,1;4,6
1984;1954;30;29,8;19,6;34;12;4,6
1985;1955;30;30,5;19,8;33,3;11,8;4,6
1986;1956;30;31,9;19,2;32,5;11,6;4,8
1987;1957;30;33,1;18,8;31,6;11,7;4,8
1988;1958;30;34,4;19,1;30,5;11,2;4,8
1989;1959;30;35,8;18,7;29,7;11,1;4,7
1990;1960;30;36,7;18,5;29;11,1;4,7
1991;1961;30;38;18,3;28,2;10,9;4,6
1992;1962;30;38,8;19;27,1;10,6;4,5
1993;1963;30;39,7;18,9;26,8;10,4;4,2
1994;1964;30;40,9;18,6;26,3;10,1;4,1
1995;1965;30;41,6;18,8;25,4;10;4,2
1996;1966;30;41,6;19,6;24,8;9,8;4,2
1997;1967;30;42;19,7;24,5;9,6;4,2
1998;1968;30;41,8;20,9;23,7;9,4;4,2
1999;1969;30;42,6;21,2;23;9,2;4
2000;1970;30;43;21,9;22,6;8,8;3,7
2001;1971;30;44,4;21,8;21,8;8,4;3,6
2002;1972;30;46;21,7;20,8;8;3,5
2003;1973;30;47,3;21,2;20,5;7,5;3,5
2004;1974;30;47,4;21,5;20,2;7,2;3,7
2005;1975;30;48,2;21;20;7,2;3,6
2006;1976;30;47,6;21,6;20;7,3;3,5
2007;1977;30;47,2;22,5;19,7;7,3;3,3
2008;1978;30;47,2;22,5;19,6;7,4;3,3
2009;1979;30;46,3;23;19,8;7,8;3,1
2010;1980;30;45,9;23,2;19,8;7,9;3,2
2011;1981;30;45,3;23,8;19,7;8,1;3,1
2012;1982;30;45,2;23,3;20,2;8,2;3,1
2013;1983;30;46;21,9;20,5;8,5;3,1
2014;1984;30;46,9;20,7;20,6;8,6;3,2
2015;1985;30;47,5;19,9;21;8,4;3,2
2016;1986;30;47,8;19,1;21,6;8,1;3,4
2017;1987;30;47,5;19,3;21,7;8;3,5
2018;1988;30;48,4;18,7;21,5;7,9;3,5
2019;1989;30;49,7;18,6;20,6;7,7;3,4
2020;1990;30;51,1;18,7;19,8;7,4;3
2021;1991;30;53,5;18,4;18,8;6,6;2,7
2022;1992;30;55,2;18,3;17,8;6,2;2,5
2023;1993;30;56,5;18,2;17,2;5,8;2,3
2024;1994;30;58,1;18,1;16,3;5,4;2,1
1951;1920;31;30,1;28;25,4;10,6;5,9
1952;1921;31;27,1;28,9;26,9;11,1;6
1953;1922;31;27,3;28,8;26,7;11,1;6,1
1954;1923;31;25,9;29,3;27;11,5;6,3
1955;1924;31;25,8;29;27,1;11,4;6,7
1956;1925;31;26,3;28,5;26,9;11,5;6,8
1957;1926;31;25,6;27,7;27,5;11,9;7,3
1958;1927;31;25,1;27,7;27,6;12;7,6
1959;1928;31;24;27,6;28;12,4;8
1960;1929;31;23,8;26,6;28,6;12,7;8,3
1961;1930;31;22,1;25,6;29,7;13,6;9
1962;1931;31;22,1;24,7;29,9;14;9,3
1963;1932;31;21,9;24,1;30;14,4;9,6
1964;1933;31;20,3;22,9;31,3;15,1;10,4
1965;1934;31;18,3;22,6;31,8;16;11,3
1966;1935;31;18;21,4;32,3;16,5;11,8
1967;1936;31;18;20,6;32,2;17,1;12,1
1968;1937;31;18;19,1;33,1;17,6;12,2
1969;1938;31;17,1;18,9;33,6;18,2;12,2
1970;1939;31;17,2;17,7;34,6;18,5;12
1971;1940;31;16,6;17,1;35,4;18,8;12,1
1972;1941;31;16,1;17,3;35,9;19,1;11,6
1973;1942;31;16,7;17,1;36,8;18,7;10,7
1974;1943;31;17,2;16,9;38,2;17,7;10
1975;1944;31;16,4;18,1;39,4;17,5;8,6
1976;1945;31;16;18,6;40,9;16,6;7,9
1977;1946;31;16;19,3;41,4;16;7,3
1978;1947;31;19,4;19,4;40,4;14,6;6,2
1979;1948;31;18,8;19,4;41,4;14,6;5,8
1980;1949;31;20,5;19,3;40,4;14,1;5,7
1981;1950;31;21,7;19;39,8;13,9;5,6
1982;1951;31;23;19,3;38,7;13,6;5,4
1983;1952;31;23,8;18,7;38,6;13,5;5,4
1984;1953;31;24,9;18,7;37,6;13,4;5,4
1985;1954;31;26,8;18,5;36,1;13,2;5,4
1986;1955;31;27,4;18,8;35,3;13,1;5,4
1987;1956;31;28,8;18,3;34,3;13;5,6
1988;1957;31;29,8;17,9;33,7;13;5,6
1989;1958;31;31,1;18,3;32,5;12,5;5,6
1990;1959;31;32,3;18;31,8;12,4;5,5
1991;1960;31;33,2;17,6;31,2;12,5;5,5
1992;1961;31;34,4;17,7;30,3;12,2;5,4
1993;1962;31;35,2;18,4;29,4;11,7;5,3
1994;1963;31;36;18,3;29,2;11,6;4,9
1995;1964;31;37,1;18;28,8;11,3;4,8
1996;1965;31;37,7;18,5;27,8;11,1;4,9
1997;1966;31;37,7;19,4;27;10,9;5
1998;1967;31;38,1;19,6;26,8;10,7;4,8
1999;1968;31;37,7;21,1;25,9;10,4;4,9
2000;1969;31;38,5;21,5;25,3;10;4,7
2001;1970;31;39;22,3;24,7;9,6;4,4
2002;1971;31;40,3;22,3;24,1;9;4,3
2003;1972;31;41,9;22,3;23,1;8,5;4,2
2004;1973;31;42,8;22,1;22,8;8,1;4,2
2005;1974;31;42,8;22,3;22,6;7,9;4,4
2006;1975;31;43,5;22,1;22,3;7,8;4,3
2007;1976;31;42,8;22,7;22,3;7,9;4,3
2008;1977;31;42,3;23,6;22,1;8;4
2009;1978;31;42,3;23,5;22;8,2;4
2010;1979;31;41,4;24,1;22,1;8,6;3,8
2011;1980;31;40,8;24,4;22,2;8,7;3,9
2012;1981;31;40,3;24,9;22,1;8,8;3,9
2013;1982;31;40,6;23,7;22,5;9,4;3,8
2014;1983;31;41,8;22,1;22,7;9,5;3,9
2015;1984;31;42,7;20,9;22,8;9,7;3,9
2016;1985;31;43,3;20,1;23,2;9,5;3,9
2017;1986;31;43,2;19,8;23,8;9,2;4
2018;1987;31;43;20;23,8;9,1;4,1
2019;1988;31;43,9;19,6;23,7;8,8;4
2020;1989;31;45,2;19,6;22,7;8,6;3,9
2021;1990;31;46,6;19,8;21,9;8,2;3,5
2022;1991;31;48,9;19,5;20,9;7,6;3,1
2023;1992;31;50,8;19,4;19,8;7,1;2,9
2024;1993;31;52;19,5;19,1;6,7;2,7
1952;1920;32;28;26,9;26,5;11,6;7
1953;1921;32;25;27,8;28;12,2;7
1954;1922;32;25,3;27,6;27,8;12,2;7,1
1955;1923;32;23,7;28,5;27,9;12,5;7,4
1956;1924;32;23,8;28;28,1;12,4;7,7
1957;1925;32;24,1;27,6;27,9;12,6;7,8
1958;1926;32;23,3;26,7;28,6;13;8,4
1959;1927;32;22,9;26,6;28,5;13,2;8,8
1960;1928;32;21,9;26,4;28,9;13,6;9,2
1961;1929;32;21,6;25,3;29,6;13,9;9,6
1962;1930;32;19,9;24,2;30,5;15;10,4
1963;1931;32;20;23,3;30,6;15,3;10,8
1964;1932;32;19,8;22,8;30,6;15,7;11,1
1965;1933;32;18,3;21,4;31,9;16,3;12,1
1966;1934;32;16,5;21,1;32,3;17,2;12,9
1967;1935;32;16,4;19,9;32,7;17,8;13,2
1968;1936;32;16,5;19,1;32,6;18,4;13,4
1969;1937;32;16,5;17,8;33,4;18,7;13,6
1970;1938;32;15,7;17,5;33,8;19,5;13,5
1971;1939;32;15,8;16,4;34,9;19,6;13,3
1972;1940;32;15,2;15,9;35,6;20;13,3
1973;1941;32;14,7;16,1;36,4;20,1;12,7
1974;1942;32;15,3;16;37,4;19,7;11,6
1975;1943;32;15,8;15,8;39;18,7;10,7
1976;1944;32;15;16,8;40,6;18,3;9,3
1977;1945;32;14,6;17,3;42,1;17,4;8,6
1978;1946;32;14,4;18,1;42,7;16,9;7,9
1979;1947;32;17,7;18,1;41,7;15,8;6,7
1980;1948;32;16,9;18;42,7;15,9;6,5
1981;1949;32;18,6;17,9;41,7;15,4;6,4
1982;1950;32;19,7;17,6;41,2;15,3;6,2
1983;1951;32;21,1;17,8;40,1;14,9;6,1
1984;1952;32;21,7;17,3;40,2;14,7;6,1
1985;1953;32;22,7;17,4;39,1;14,7;6,1
1986;1954;32;24,5;17,3;37,7;14,4;6,1
1987;1955;32;24,9;17,8;36,9;14,3;6,1
1988;1956;32;26,2;17,3;35,9;14,3;6,3
1989;1957;32;27,1;17,1;35,1;14,4;6,3
1990;1958;32;28,3;17,4;34,2;13,8;6,3
1991;1959;32;29,6;16,9;33,5;13,8;6,2
1992;1960;32;30,3;16,7;33;13,8;6,2
1993;1961;32;31,5;16,8;32,1;13,6;6
1994;1962;32;32,2;17,4;31,4;13,1;5,9
1995;1963;32;32,9;17,3;31,4;12,9;5,5
1996;1964;32;33,9;17,3;30,9;12,5;5,4
1997;1965;32;34,4;17,9;29,9;12,2;5,6
1998;1966;32;34,4;18,8;29,2;12;5,6
1999;1967;32;34,6;19,4;28,7;11,8;5,5
2000;1968;32;34,1;21,1;27,9;11,3;5,6
2001;1969;32;34,9;21,6;27,2;11;5,3
2002;1970;32;35,2;22,6;26,7;10,5;5
2003;1971;32;36,4;22,7;26,1;9,9;4,9
2004;1972;32;37,8;22,7;25,2;9,5;4,8
2005;1973;32;38,5;22,6;24,9;9,1;4,9
2006;1974;32;38,3;23;24,8;8,8;5,1
2007;1975;32;38,9;22,8;24,5;8,8;5
2008;1976;32;38;23,5;24,5;9;5
2009;1977;32;37,5;24,3;24,4;9;4,8
2010;1978;32;37,6;24,3;24,1;9,3;4,7
2011;1979;32;36,6;24,8;24,4;9,6;4,6
2012;1980;32;36;25,3;24,3;9,7;4,7
2013;1981;32;36;24,7;24,7;10;4,6
2014;1982;32;36,6;23,4;24,9;10,5;4,6
2015;1983;32;37,7;21,9;25,1;10,7;4,6
2016;1984;32;38,4;20,9;25,2;10,9;4,6
2017;1985;32;38,8;20,4;25,7;10,5;4,6
2018;1986;32;38,8;20,2;26,1;10,2;4,7
2019;1987;32;38,6;20,4;26,2;10,1;4,7
2020;1988;32;39,5;20,1;26,1;9,7;4,6
2021;1989;32;40,9;20,3;24,8;9,5;4,5
2022;1990;32;42;20,6;24,2;9,1;4,1
2023;1991;32;44,6;20,3;23;8,5;3,6
2024;1992;32;46,3;20,4;22,1;7,8;3,4
1953;1920;33;26,4;25,8;27,1;12,7;8
1954;1921;33;23,4;26,6;28,7;13,2;8,1
1955;1922;33;23,6;26,6;28,5;13,1;8,2
1956;1923;33;22,1;27,4;28,6;13,4;8,5
1957;1924;33;22;27,1;28,8;13,2;8,9
1958;1925;33;22,3;26,7;28,6;13,4;9
1959;1926;33;21,6;25,5;29,3;14;9,6
1960;1927;33;21,1;25,5;29,2;14,2;10
1961;1928;33;20,1;25,1;29,6;14,7;10,5
1962;1929;33;19,9;24,1;30;15;11
1963;1930;33;18,2;22,9;30,8;16,1;12
1964;1931;33;18,4;21,9;30,9;16,4;12,4
1965;1932;33;18,2;21,4;30,8;16,8;12,8
1966;1933;33;16,8;20;32,2;17,3;13,7
1967;1934;33;15,1;19,8;32,5;18,3;14,3
1968;1935;33;15,1;18,7;32,8;18,8;14,6
1969;1936;33;15,2;18;32,7;19,3;14,8
1970;1937;33;15,5;16,5;33,5;19,6;14,9
1971;1938;33;14,6;16,5;33,8;20,3;14,8
1972;1939;33;14,7;15,5;34,8;20,5;14,5
1973;1940;33;14,2;14,9;35,8;20,8;14,3
1974;1941;33;13,7;15,2;36,7;20,8;13,6
1975;1942;33;14,2;15,1;38;20,3;12,4
1976;1943;33;14,8;14,8;39,6;19,5;11,3
1977;1944;33;13,9;15,9;41,3;19,1;9,8
1978;1945;33;13,4;16,4;42,8;18,3;9,1
1979;1946;33;13,1;17,1;43,5;17,9;8,4
1980;1947;33;16,4;16,9;42,5;16,8;7,4
1981;1948;33;15,5;16,8;43,5;17;7,2
1982;1949;33;17,2;16,6;42,6;16,5;7,1
1983;1950;33;18,3;16,3;42,2;16,3;6,9
1984;1951;33;19,7;16,5;41,1;16;6,7
1985;1952;33;20,2;16;41,3;15,7;6,8
1986;1953;33;21;16,1;40,4;15,6;6,9
1987;1954;33;22,7;16,1;38,9;15,4;6,9
1988;1955;33;22,9;16,8;38;15,5;6,8
1989;1956;33;24,2;16,2;37,2;15,4;7
1990;1957;33;25;16,1;36,4;15,5;7
1991;1958;33;26,1;16,5;35,4;15;7
1992;1959;33;27,2;16,1;34,8;15;6,9
1993;1960;33;27,9;15,8;34,4;15;6,9
1994;1961;33;29,1;15,8;33,7;14,7;6,7
1995;1962;33;29,7;16,4;33,2;14,2;6,5
1996;1963;33;30,4;16,2;33,2;14,1;6,1
1997;1964;33;31,3;16,2;32,8;13,7;6
1998;1965;33;31,6;17,1;31,7;13,4;6,2
1999;1966;33;31,5;18,1;31,1;13;6,3
2000;1967;33;31,7;18,8;30,6;12,8;6,1
2001;1968;33;31,1;20,7;29,6;12,3;6,3
2002;1969;33;31,9;21,2;29;12;5,9
2003;1970;33;32,1;22,1;28,7;11,5;5,6
2004;1971;33;32,9;22,5;28,2;10,8;5,6
2005;1972;33;34,2;22,6;27,3;10,4;5,5
2006;1973;33;34,7;22,7;27;10;5,6
2007;1974;33;34,3;23,1;27;9,8;5,8
2008;1975;33;34,7;23;26,7;9,8;5,8
2009;1976;33;33,9;23,6;26,7;10;5,8
2010;1977;33;33,4;24,4;26,5;10,2;5,5
2011;1978;33;33,3;24,5;26,4;10,3;5,5
2012;1979;33;32,4;25;26,6;10,6;5,4
2013;1980;33;32,1;24,7;26,8;11;5,4
2014;1981;33;32,3;24,2;27;11,1;5,4
2015;1982;33;32,8;22,9;27,3;11,6;5,4
2016;1983;33;33,8;21,5;27,6;11,8;5,3
2017;1984;33;34,2;20,8;27,8;11,9;5,3
2018;1985;33;34,7;20,3;28,2;11,5;5,3
2019;1986;33;34,8;20,2;28,6;11,1;5,3
2020;1987;33;34,6;20,6;28,5;11;5,3
2021;1988;33;35,5;20,5;28,3;10,6;5,1
2022;1989;33;36,8;20,5;27,2;10,5;5
2023;1990;33;38;21;26,4;10;4,6
2024;1991;33;40,6;20,7;25,3;9,3;4,1
1954;1920;34;25,1;24,8;27,5;13,5;9,1
1955;1921;34;22,2;25,6;29;14;9,2
1956;1922;34;22,4;25,7;28,8;13,8;9,3
1957;1923;34;20,8;26,5;29;14,1;9,6
1958;1924;34;20,7;26,2;29,1;14;10
1959;1925;34;21;25,7;29;14,2;10,1
1960;1926;34;20,3;24,6;29,6;14,7;10,8
1961;1927;34;19,8;24,5;29,5;14,9;11,3
1962;1928;34;18,8;24,1;29,8;15,4;11,9
1963;1929;34;18,7;22,9;30,3;15,7;12,4
1964;1930;34;17;21,7;31;16,8;13,5
1965;1931;34;17,2;20,9;30,8;17,1;14
1966;1932;34;17;20,3;30,8;17,6;14,3
1967;1933;34;15,8;18,9;32,1;18,1;15,1
1968;1934;34;14,1;18,8;32,4;19,1;15,6
1969;1935;34;14,2;17,7;32,8;19,5;15,8
1970;1936;34;14,3;17,1;32,6;20,1;15,9
1971;1937;34;14,6;15,7;33,4;20,4;15,9
1972;1938;34;13,8;15,6;33,8;21;15,8
1973;1939;34;13,9;14,7;34,9;21,1;15,4
1974;1940;34;13,4;14,3;35,8;21,4;15,1
1975;1941;34;12,9;14,5;37,1;21,2;14,3
1976;1942;34;13,5;14,4;38,4;20,7;13
1977;1943;34;14;14,1;40;20;11,9
1978;1944;34;13,1;15,2;41,7;19,6;10,4
1979;1945;34;12,5;15,6;43,3;18,9;9,7
1980;1946;34;12,1;16,2;43,9;18,7;9,1
1981;1947;34;15,3;16,2;42,9;17,6;8
1982;1948;34;14,5;15,7;44,1;17,9;7,8
1983;1949;34;16,2;15,6;43,2;17,2;7,8
1984;1950;34;17,3;15,2;42,8;17,1;7,6
1985;1951;34;18,5;15,5;41,8;16,8;7,4
1986;1952;34;18,9;15;42,1;16,5;7,5
1987;1953;34;19,7;15,1;41,1;16,6;7,5
1988;1954;34;21,2;15,2;39,7;16,3;7,6
1989;1955;34;21,3;15,9;39;16,3;7,5
1990;1956;34;22,5;15,4;38,1;16,3;7,7
1991;1957;34;23,3;15,1;37,5;16,3;7,8
1992;1958;34;24,3;15,5;36,5;16;7,7
1993;1959;34;25,3;15,2;35,9;16;7,6
1994;1960;34;26,1;14,7;35,6;16,1;7,5
1995;1961;34;27,2;14,8;34,9;15,8;7,3
1996;1962;34;27,8;15,3;34,4;15,4;7,1
1997;1963;34;28,3;15,1;34,8;15,1;6,7
1998;1964;34;29,2;15,1;34,3;14,8;6,6
1999;1965;34;29,3;16,1;33,4;14,4;6,8
2000;1966;34;29,2;17,1;32,8;14,1;6,8
2001;1967;34;29,4;17,9;32,2;13,8;6,7
2002;1968;34;28,8;19,7;31,5;13,2;6,8
2003;1969;34;29,5;20,2;30,9;12,9;6,5
2004;1970;34;29,3;21,3;30,6;12,7;6,1
2005;1971;34;30;21,6;30,3;11,9;6,2
2006;1972;34;31,2;21,8;29,4;11,5;6,1
2007;1973;34;31,6;21,9;29,2;11,2;6,1
2008;1974;34;30,9;22,4;29,3;11;6,4
2009;1975;34;31,4;22,1;29,1;11;6,4
2010;1976;34;30,6;22,7;29,1;11,2;6,4
2011;1977;34;29,9;23,5;29,1;11,3;6,2
2012;1978;34;29,8;23,6;29;11,4;6,2
2013;1979;34;28,9;24,2;28,9;11,9;6,1
2014;1980;34;29;23,7;29;12,1;6,2
2015;1981;34;29;23,3;29,3;12,2;6,2
2016;1982;34;29,5;22;29,7;12,7;6,1
2017;1983;34;30,2;20,9;30;12,9;6
2018;1984;34;30,7;20,3;30,1;12,9;6
2019;1985;34;31,2;20;30,5;12,4;5,9
2020;1986;34;31,3;19,8;31;12;5,9
2021;1987;34;31,2;20,4;30,7;11,8;5,9
2022;1988;34;31,9;20,2;30,7;11,5;5,7
2023;1989;34;33,3;20,4;29,4;11,3;5,6
2024;1990;34;34,4;21;28,6;10,9;5,1
1955;1920;35;24,2;23,9;27,7;14;10,2
1956;1921;35;21,2;24,8;29,2;14,5;10,3
1957;1922;35;21,4;24,9;29;14,4;10,3
1958;1923;35;19,7;25,7;29,2;14,7;10,7
1959;1924;35;19,7;25,3;29,3;14,6;11,1
1960;1925;35;19,9;25;29;14,9;11,2
1961;1926;35;19,3;23,7;29,6;15,4;12
1962;1927;35;18,8;23,6;29,4;15,6;12,6
1963;1928;35;17,8;23,2;29,7;16,1;13,2
1964;1929;35;17,7;22,1;30,1;16,3;13,8
1965;1930;35;16;20,8;30,8;17,4;15
1966;1931;35;16,3;20;30,6;17,8;15,3
1967;1932;35;16,2;19,5;30,5;18,2;15,6
1968;1933;35;15;18,1;31,9;18,6;16,4
1969;1934;35;13,4;17,9;32,2;19,8;16,7
1970;1935;35;13,5;16,9;32,6;20,2;16,8
1971;1936;35;13,6;16,4;32,5;20,7;16,8
1972;1937;35;14;15;33,2;21;16,8
1973;1938;35;13,2;15;33,7;21,4;16,7
1974;1939;35;13,3;14,2;34,9;21,5;16,1
1975;1940;35;12,9;13,7;36;21,7;15,7
1976;1941;35;12,4;13,9;37,2;21,6;14,9
1977;1942;35;12,9;13,9;38,6;21,1;13,5
1978;1943;35;13,4;13,6;40,1;20,6;12,3
1979;1944;35;12,5;14,6;41,9;20,2;10,8
1980;1945;35;11,7;15;43,5;19,6;10,2
1981;1946;35;11,3;15,5;44,1;19,4;9,7
1982;1947;35;14,6;15,5;43,2;18,2;8,5
1983;1948;35;13,7;15;44,3;18,6;8,4
1984;1949;35;15,4;14,8;43,6;17,8;8,4
1985;1950;35;16,4;14,5;43,2;17,7;8,2
1986;1951;35;17,6;14,7;42,2;17,5;8
1987;1952;35;17,9;14,3;42,4;17,4;8
1988;1953;35;18,5;14,4;41,7;17,3;8,1
1989;1954;35;19,9;14,5;40,3;17,1;8,2
1990;1955;35;20,1;15;39,7;17,1;8,1
1991;1956;35;21,1;14,7;38,8;17,1;8,3
1992;1957;35;21,8;14,5;38,2;17,1;8,4
1993;1958;35;22,8;14,8;37,2;16,8;8,4
1994;1959;35;23,9;14,3;36,8;16,8;8,2
1995;1960;35;24,6;13,7;36,6;16,9;8,2
1996;1961;35;25,7;13,8;35,8;16,8;7,9
1997;1962;35;26,1;14,4;35,4;16,5;7,6
1998;1963;35;26,6;14,1;35,8;16,2;7,3
1999;1964;35;27,3;14,2;35,5;15,8;7,2
2000;1965;35;27,3;15,4;34,6;15,3;7,4
2001;1966;35;27,3;16,2;34,1;15;7,4
2002;1967;35;27,5;17,1;33,5;14,7;7,2
2003;1968;35;26,7;18,8;33;14,2;7,3
2004;1969;35;27,2;19,4;32,5;13,8;7,1
2005;1970;35;26,9;20,4;32,4;13,6;6,7
2006;1971;35;27,5;20,7;32,2;12,9;6,7
2007;1972;35;28,5;21;31,3;12,5;6,7
2008;1973;35;28,8;21;31,2;12,2;6,8
2009;1974;35;28,1;21,3;31,5;12;7,1
2010;1975;35;28,6;21,1;31,2;12;7,1
2011;1976;35;27,7;21,6;31,3;12,3;7,1
2012;1977;35;26,9;22,5;31,3;12,4;6,9
2013;1978;35;26,8;22,5;31,1;12,7;6,9
2014;1979;35;26,1;23,1;31;12,9;6,9
2015;1980;35;26,1;22,7;31,1;13,2;6,9
2016;1981;35;26,1;22,3;31,4;13,3;6,9
2017;1982;35;26,3;21,2;32;13,7;6,8
2018;1983;35;27,2;20,1;32,2;13,8;6,7
2019;1984;35;27,6;19,6;32,4;13,8;6,6
2020;1985;35;28,2;19,3;32,7;13,3;6,5
2021;1986;35;28,3;19,4;33;12,9;6,4
2022;1987;35;28;19,9;32,9;12,8;6,4
2023;1988;35;29;19,6;32,8;12,3;6,3
2024;1989;35;30,3;20,1;31,4;12,1;6,1
1956;1920;36;23,3;23,3;27,7;14,6;11,1
1957;1921;36;20,4;24,2;29,1;15,1;11,2
1958;1922;36;20,5;24,3;29;14,9;11,3
1959;1923;36;18,9;25;29,1;15,3;11,7
1960;1924;36;18,9;24,6;29,2;15,2;12,1
1961;1925;36;19,1;24,2;29;15,5;12,2
1962;1926;36;18,5;22,8;29,7;15,9;13,1
1963;1927;36;18,1;22,7;29,4;16,1;13,7
1964;1928;36;17,1;22,4;29,6;16,6;14,3
1965;1929;36;17;21,3;29,9;16,8;15
1966;1930;36;15,3;20;30,6;18;16,1
1967;1931;36;15,6;19,3;30,4;18,3;16,4
1968;1932;36;15,5;18,9;30,3;18,6;16,7
1969;1933;36;14,4;17,4;31,8;19;17,4
1970;1934;36;12,8;17,3;32,1;20,1;17,7
1971;1935;36;13;16,3;32,4;20,6;17,7
1972;1936;36;13,1;15,9;32,2;21,1;17,7
1973;1937;36;13,4;14,7;33,1;21,3;17,5
1974;1938;36;12,7;14,7;33,6;21,8;17,2
1975;1939;36;12,8;13,9;35;21,7;16,6
1976;1940;36;12,4;13,4;36;22;16,2
1977;1941;36;11,9;13,7;37,2;21,9;15,3
1978;1942;36;12,5;13,6;38,6;21,4;13,9
1979;1943;36;12,9;13,2;40,3;20,8;12,8
1980;1944;36;11,9;14,2;42;20,6;11,3
1981;1945;36;11,2;14,5;43,6;19,9;10,8
1982;1946;36;10,8;15;44,1;20;10,1
1983;1947;36;14;15;43,3;18,7;9
1984;1948;36;13,1;14,5;44,4;19,1;8,9
1985;1949;36;14,7;14,4;43,7;18,3;8,9
1986;1950;36;15,7;13,9;43,4;18,3;8,7
1987;1951;36;16,8;14,2;42,5;17,9;8,6
1988;1952;36;17;13,7;42,8;17,9;8,6
1989;1953;36;17,6;13,8;42,1;17,8;8,7
1990;1954;36;19;13,8;40,8;17,7;8,7
1991;1955;36;19;14,5;40,1;17,7;8,7
1992;1956;36;20,1;14;39,3;17,7;8,9
1993;1957;36;20,7;13,9;38,6;17,8;9
1994;1958;36;21,7;14,1;37,8;17,5;8,9
1995;1959;36;22,7;13,6;37,3;17,6;8,8
1996;1960;36;23,2;13,3;37;17,8;8,7
1997;1961;36;24,2;13,5;36,2;17,7;8,4
1998;1962;36;24,6;13,9;35,9;17,4;8,2
1999;1963;36;25;13,5;36,6;17,1;7,8
2000;1964;36;25,6;13,8;36,2;16,6;7,8
2001;1965;36;25,7;14,8;35,5;16,1;7,9
2002;1966;36;25,6;15,6;35,1;15,8;7,9
2003;1967;36;25,7;16,5;34,6;15,4;7,8
2004;1968;36;24,7;18,4;34;15;7,9
2005;1969;36;25,1;18,9;33,6;14,7;7,7
2006;1970;36;24,7;20;33,5;14,4;7,4
2007;1971;36;25,1;20,2;33,5;13,8;7,4
2008;1972;36;26;20,5;32,8;13,4;7,3
2009;1973;36;26,3;20,4;32,7;13,1;7,5
2010;1974;36;25,5;20,8;32,9;13;7,8
2011;1975;36;26;20,4;32,8;13;7,8
2012;1976;36;25,1;21;32,8;13,3;7,8
2013;1977;36;24,4;21,5;33;13,4;7,7
2014;1978;36;24,4;21,4;32,9;13,7;7,6
2015;1979;36;23,7;22;32,8;13,9;7,6
2016;1980;36;23,7;21,5;33;14,2;7,6
2017;1981;36;23,4;21,4;33,4;14,3;7,5
2018;1982;36;23,7;20,4;33,9;14,6;7,4
2019;1983;36;24,6;19,3;34,2;14,6;7,3
2020;1984;36;25;18,9;34,3;14,6;7,2
2021;1985;36;25,6;18,8;34,5;14,1;7
2022;1986;36;25,7;18,6;35;13,7;7
2023;1987;36;25,6;19,1;34,8;13,5;7
2024;1988;36;26,5;19,1;34,5;13,1;6,8
1957;1920;37;22,7;22,7;27,7;15;11,9
1958;1921;37;19,7;23,6;29,1;15,6;12
1959;1922;37;19,9;23,7;29;15,3;12,1
1960;1923;37;18,2;24,5;29;15,8;12,5
1961;1924;37;18,2;24,1;29,1;15,6;13
1962;1925;37;18,5;23,5;28,9;16;13,1
1963;1926;37;17,8;22,3;29,4;16,4;14,1
1964;1927;37;17,5;22,1;29,2;16,6;14,6
1965;1928;37;16,5;21,7;29,5;17;15,3
1966;1929;37;16,4;20,7;29,7;17,2;16
1967;1930;37;14,7;19,5;30,4;18,3;17,1
1968;1931;37;15,1;18,7;30,2;18,7;17,3
1969;1932;37;15,1;18,3;30,1;19;17,5
1970;1933;37;13,9;17;31,6;19,3;18,2
1971;1934;37;12,4;16,8;31,9;20,5;18,4
1972;1935;37;12,6;15,8;32,4;20,8;18,4
1973;1936;37;12,7;15,6;32,1;21,3;18,3
1974;1937;37;13;14,5;33;21,5;18
1975;1938;37;12,3;14,5;33,6;22;17,6
1976;1939;37;12,4;13,7;35;22;16,9
1977;1940;37;12,1;13,2;35,9;22,3;16,5
1978;1941;37;11,6;13,4;37,2;22,2;15,6
1979;1942;37;12,1;13,4;38,6;21,6;14,3
1980;1943;37;12,6;12,8;40,3;21,1;13,2
1981;1944;37;11,5;13,9;42;20,8;11,8
1982;1945;37;10,8;14,2;43,5;20,4;11,1
1983;1946;37;10,4;14,6;44,1;20,4;10,5
1984;1947;37;13,6;14,6;43,3;19,1;9,4
1985;1948;37;12,7;14;44,5;19,5;9,3
1986;1949;37;14,2;13,9;43,8;18,8;9,3
1987;1950;37;15,2;13,5;43,5;18,7;9,1
1988;1951;37;16,2;13,8;42,6;18,4;9
1989;1952;37;16,3;13,3;43;18,4;9
1990;1953;37;16,8;13,5;42,2;18,4;9,1
1991;1954;37;18,2;13,3;41,1;18,2;9,2
1992;1955;37;18,2;14;40,4;18,2;9,2
1993;1956;37;19,2;13,6;39,6;18,2;9,4
1994;1957;37;19,8;13,4;39;18,3;9,5
1995;1958;37;20,8;13,6;38,1;18;9,5
1996;1959;37;21,7;13,1;37,8;18,1;9,3
1997;1960;37;22,1;12,8;37,4;18,5;9,2
1998;1961;37;23,1;13;36,7;18,3;8,9
1999;1962;37;23,4;13,5;36,3;18,1;8,7
2000;1963;37;23,7;13,2;37;17,8;8,3
2001;1964;37;24,3;13,3;36,8;17,4;8,2
2002;1965;37;24,4;14,3;36,1;16,8;8,4
2003;1966;37;24,2;15,2;35,8;16,4;8,4
2004;1967;37;24,2;16,1;35,3;16,1;8,3
2005;1968;37;23;18;34,8;15,8;8,4
2006;1969;37;23,4;18,4;34,5;15,5;8,2
2007;1970;37;22,8;19,5;34,5;15,2;8
2008;1971;37;23,1;19,8;34,5;14,6;8
2009;1972;37;24;19,9;33,9;14,2;8
2010;1973;37;24,3;19,9;33,7;14;8,1
2011;1974;37;23,5;20,1;34,1;13,9;8,4
2012;1975;37;23,8;19,8;34;13,9;8,5
2013;1976;37;23;20,1;34,3;14,1;8,5
2014;1977;37;22,4;20,6;34,3;14,4;8,3
2015;1978;37;22,5;20,3;34,3;14,6;8,3
2016;1979;37;21,7;21;34,2;14,9;8,2
2017;1980;37;21,6;20,6;34,5;15,1;8,2
2018;1981;37;21,3;20,5;35;15,1;8,1
2019;1982;37;21,5;19,6;35,5;15,5;7,9
2020;1983;37;22,6;18,4;35,8;15,4;7,8
2021;1984;37;23;18,1;35,8;15,4;7,7
2022;1985;37;23,6;17,9;36,1;14,9;7,5
2023;1986;37;23,7;18;36,4;14,4;7,5
2024;1987;37;23,5;18,6;36,2;14,2;7,5
1958;1920;38;22,2;22,2;27,6;15,3;12,7
1959;1921;38;19,2;23,1;29,1;15,8;12,8
1960;1922;38;19,4;23,3;28,8;15,6;12,9
1961;1923;38;17,7;24;29;16;13,3
1962;1924;38;17,8;23,5;29;15,9;13,8
1963;1925;38;18;23,1;28,7;16,3;13,9
1964;1926;38;17,4;21,7;29,3;16,7;14,9
1965;1927;38;17;21,6;29,1;16,8;15,5
1966;1928;38;16;21,3;29,3;17,2;16,2
1967;1929;38;16;20,2;29,6;17,5;16,7
1968;1930;38;14,3;19;30,3;18,5;17,9
1969;1931;38;14,7;18,3;30,1;18,9;18
1970;1932;38;14,7;18;29,9;19,2;18,2
1971;1933;38;13,6;16,6;31,4;19,6;18,8
1972;1934;38;12;16,5;31,8;20,7;19
1973;1935;38;12,3;15,5;32,3;21;18,9
1974;1936;38;12,4;15,4;32;21,6;18,6
1975;1937;38;12,8;14,2;33;21,6;18,4
1976;1938;38;12;14,4;33,6;22;18
1977;1939;38;12,1;13,7;34,9;22,1;17,2
1978;1940;38;11,8;13;36;22,4;16,8
1979;1941;38;11,3;13,3;37,2;22,3;15,9
1980;1942;38;11,9;13,1;38,6;21,8;14,6
1981;1943;38;12,3;12,6;40,2;21,3;13,6
1982;1944;38;11,2;13,7;41,9;21;12,2
1983;1945;38;10,5;14;43,5;20,5;11,5
1984;1946;38;10;14,4;44,1;20,6;10,9
1985;1947;38;13,3;14,3;43,3;19,3;9,8
1986;1948;38;12,3;13,8;44,5;19,7;9,7
1987;1949;38;13,8;13,7;43,8;19,1;9,6
1988;1950;38;14,8;13,2;43,5;19;9,5
1989;1951;38;15,7;13,5;42,7;18,7;9,4
1990;1952;38;15,8;13;43,1;18,7;9,4
1991;1953;38;16,3;13,1;42,4;18,7;9,5
1992;1954;38;17,6;13;41,3;18,5;9,6
1993;1955;38;17,6;13,6;40,7;18,5;9,6
1994;1956;38;18,5;13,2;39,9;18,6;9,8
1995;1957;38;19,1;13;39,3;18,7;9,9
1996;1958;38;20,1;13,1;38,5;18,4;9,9
1997;1959;38;20,9;12,8;38;18,6;9,7
1998;1960;38;21,3;12,4;37,7;18,9;9,7
1999;1961;38;22,1;12,8;36,9;18,9;9,3
2000;1962;38;22,4;13,3;36,6;18,6;9,1
2001;1963;38;22,7;12,8;37,4;18,4;8,7
2002;1964;38;23,2;13;37,3;17,9;8,6
2003;1965;38;23,2;14;36,7;17,3;8,8
2004;1966;38;23;14,8;36,4;17;8,8
2005;1967;38;22,9;15,7;36;16,7;8,7
2006;1968;38;21,7;17,6;35,5;16,3;8,9
2007;1969;38;22;18;35,2;16,1;8,7
2008;1970;38;21,3;19,1;35,3;15,8;8,5
2009;1971;38;21,5;19,4;35,3;15,3;8,5
2010;1972;38;22,5;19,4;34,7;14,9;8,5
2011;1973;38;22,7;19,4;34,6;14,6;8,7
2012;1974;38;21,8;19,5;35,1;14,6;9
2013;1975;38;22,3;18,9;35,1;14,6;9,1
2014;1976;38;21,6;19,2;35,3;14,8;9,1
2015;1977;38;20,9;19,7;35,4;15,1;8,9
2016;1978;38;20,9;19,5;35,4;15,4;8,8
2017;1979;38;20,1;20,1;35,5;15,5;8,8
2018;1980;38;19,9;19,8;35,8;15,8;8,7
2019;1981;38;19,7;19,7;36,2;15,8;8,6
2020;1982;38;19,9;18,8;36,8;16,1;8,4
2021;1983;38;20,9;17,8;37;16,1;8,2
2022;1984;38;21,3;17,4;37,1;16,1;8,1
2023;1985;38;22;17,3;37,2;15,5;8
2024;1986;38;22,1;17,4;37,5;15;8
1959;1920;39;21,8;21,9;27,4;15,6;13,3
1960;1921;39;18,8;22,8;28,9;16,1;13,4
1961;1922;39;19;22,9;28,7;15,8;13,6
1962;1923;39;17,3;23,6;28,8;16,3;14
1963;1924;39;17,4;23,1;28,9;16,1;14,5
1964;1925;39;17,6;22,7;28,6;16,5;14,6
1965;1926;39;17;21,3;29,2;16,9;15,6
1966;1927;39;16,6;21,3;28,8;17,1;16,2
1967;1928;39;15,7;20,9;29,1;17,4;16,9
1968;1929;39;15,7;19,9;29,3;17,7;17,4
1969;1930;39;14;18,7;30,1;18,7;18,5
1970;1931;39;14,5;18;29,9;19;18,6
1971;1932;39;14,4;17,8;29,8;19,3;18,7
1972;1933;39;13,3;16,4;31,3;19,7;19,3
1973;1934;39;11,8;16,3;31,7;20,8;19,4
1974;1935;39;12,1;15,3;32,2;21,2;19,2
1975;1936;39;12,2;15,3;31,9;21,7;18,9
1976;1937;39;12,5;14,2;32,9;21,7;18,7
1977;1938;39;11,8;14,3;33,6;22,1;18,2
1978;1939;39;11,9;13,6;34,9;22,2;17,4
1979;1940;39;11,6;12,9;36;22,4;17,1
1980;1941;39;11,1;13,1;37,2;22,4;16,2
1981;1942;39;11,7;12,9;38,5;22;14,9
1982;1943;39;12,1;12,5;40,2;21,4;13,8
1983;1944;39;11;13,5;41,9;21,1;12,5
1984;1945;39;10,3;13,8;43,4;20,7;11,8
1985;1946;39;9,8;14,2;44,1;20,8;11,1
1986;1947;39;13;14,2;43,3;19,4;10,1
1987;1948;39;12;13,6;44,6;19,9;9,9
1988;1949;39;13,5;13,5;43,8;19,3;9,9
1989;1950;39;14,4;13;43,6;19,2;9,8
1990;1951;39;15,3;13,3;42,8;18,9;9,7
1991;1952;39;15,4;12,7;43,3;18,9;9,7
1992;1953;39;15,8;12,9;42,5;19;9,8
1993;1954;39;17,2;12,6;41,5;18,8;9,9
1994;1955;39;17,1;13,3;40,9;18,8;9,9
1995;1956;39;18;12,9;40,1;18,9;10,1
1996;1957;39;18,6;12,7;39,5;19;10,2
1997;1958;39;19,5;12,9;38,7;18,7;10,2
1998;1959;39;20,3;12,5;38,3;18,9;10
1999;1960;39;20,6;12,2;37,9;19,3;10
2000;1961;39;21,4;12,5;37,2;19,2;9,7
2001;1962;39;21,7;13;36,8;19,1;9,4
2002;1963;39;22;12,5;37,7;18,7;9,1
2003;1964;39;22,4;12,7;37,6;18,4;8,9
2004;1965;39;22,3;13,7;37,2;17,6;9,2
2005;1966;39;22,1;14,4;36,9;17,4;9,2
2006;1967;39;21,9;15,5;36,4;17,1;9,1
2007;1968;39;20,6;17,3;36;16,8;9,3
2008;1969;39;20,8;17,8;35,7;16,5;9,2
2009;1970;39;20,1;18,8;35,8;16,4;8,9
2010;1971;39;20,3;19;35,9;15,9;8,9
2011;1972;39;21,2;19;35,4;15,5;8,9
2012;1973;39;21,4;19;35,2;15,3;9,1
2013;1974;39;20,6;18,9;35,9;15,1;9,5
2014;1975;39;21,1;18,3;35,8;15,2;9,6
2015;1976;39;20,4;18,5;36,1;15,4;9,6
2016;1977;39;19,7;19;36,2;15,7;9,4
2017;1978;39;19,6;18,7;36,4;16;9,3
2018;1979;39;18,8;19,5;36,4;16,1;9,2
2019;1980;39;18,6;19,2;36,7;16,3;9,2
2020;1981;39;18,4;19,2;37,1;16,3;9
2021;1982;39;18,6;18,4;37,6;16,6;8,8
2022;1983;39;19,7;17,2;37,8;16,7;8,6
2023;1984;39;20,1;16,9;37,9;16,6;8,5
2024;1985;39;20,8;16,8;38,1;16;8,3
1960;1920;40;21,5;21,6;27,3;15,7;13,9
1961;1921;40;18,6;22,5;28,7;16,2;14
1962;1922;40;18,7;22,6;28,6;16;14,1
1963;1923;40;17;23,3;28,7;16,4;14,6
1964;1924;40;17,1;22,9;28,7;16,2;15,1
1965;1925;40;17,3;22,5;28,5;16,5;15,2
1966;1926;40;16,7;21,1;29;17;16,2
1967;1927;40;16,4;21;28,7;17,2;16,7
1968;1928;40;15,4;20,7;29;17,5;17,4
1969;1929;40;15,4;19,7;29,3;17,8;17,8
1970;1930;40;13,8;18,5;30;18,7;19
1971;1931;40;14,3;17,8;29,8;19,1;19
1972;1932;40;14,2;17,6;29,7;19,5;19
1973;1933;40;13,1;16,2;31,3;19,8;19,6
1974;1934;40;11,6;16,2;31,6;21;19,6
1975;1935;40;11,9;15,3;32,2;21,2;19,4
1976;1936;40;12,1;15,2;31,8;21,8;19,1
1977;1937;40;12,4;14,1;32,9;21,8;18,8
1978;1938;40;11,7;14,2;33,5;22,2;18,4
1979;1939;40;11,8;13,5;34,8;22,3;17,6
1980;1940;40;11,5;12,8;35,9;22,5;17,3
1981;1941;40;11;13;37,1;22,5;16,4
1982;1942;40;11,5;12,9;38,5;22;15,1
1983;1943;40;12;12,3;40,2;21,4;14,1
1984;1944;40;10,9;13,4;41,8;21,2;12,7
1985;1945;40;10,1;13,7;43,4;20,8;12
1986;1946;40;9,6;14,1;44;20,9;11,4
1987;1947;40;12,8;14,1;43,3;19,5;10,3
1988;1948;40;11,8;13,5;44,5;20,1;10,1
1989;1949;40;13,2;13,4;43,9;19,4;10,1
1990;1950;40;14,1;12,9;43,7;19,3;10
1991;1951;40;15;13,1;42,9;19;10
1992;1952;40;15,1;12,5;43,4;19;10
1993;1953;40;15,5;12,7;42,6;19,2;10
1994;1954;40;16,8;12,5;41,6;19;10,1
1995;1955;40;16,7;13,1;41,1;19;10,1
1996;1956;40;17,6;12,7;40,3;19;10,4
1997;1957;40;18,2;12,5;39,6;19,2;10,5
1998;1958;40;19,1;12,6;38,9;18,9;10,5
1999;1959;40;19,8;12,3;38,4;19,2;10,3
2000;1960;40;20,1;12;38;19,7;10,2
2001;1961;40;20,9;12,3;37,4;19,5;9,9
2002;1962;40;21,1;12,9;37;19,3;9,7
2003;1963;40;21,4;12,3;37,9;19,1;9,3
2004;1964;40;21,7;12,5;37,9;18,7;9,2
2005;1965;40;21,6;13,5;37,4;18;9,5
2006;1966;40;21,3;14,3;37,1;17,8;9,5
2007;1967;40;21,1;15,3;36,7;17,5;9,4
2008;1968;40;19,8;17;36,4;17,1;9,7
2009;1969;40;19,9;17,5;36,1;17;9,5
2010;1970;40;19,2;18,5;36,2;16,8;9,3
2011;1971;40;19,4;18,7;36,4;16,2;9,3
2012;1972;40;20,2;18,7;35,9;15,9;9,3
2013;1973;40;20,5;18,5;35,8;15,7;9,5
2014;1974;40;19,7;18,4;36,4;15,7;9,8
2015;1975;40;20,2;17,8;36,4;15,6;10
2016;1976;40;19,4;18,1;36,7;15,9;9,9
2017;1977;40;18,6;18,5;37;16,1;9,8
2018;1978;40;18,6;18,2;37,1;16,4;9,7
2019;1979;40;17,8;19,1;37;16,5;9,6
2020;1980;40;17,6;18,8;37,4;16,7;9,5
2021;1981;40;17,4;18,8;37,8;16,6;9,4
2022;1982;40;17,7;17,7;38,4;17;9,2
2023;1983;40;18,7;16,8;38,5;17;9
2024;1984;40;19,2;16,5;38,5;16,9;8,9
1961;1920;41;21,2;21,5;27,2;15,8;14,3
1962;1921;41;18,3;22,4;28,6;16,2;14,5
1963;1922;41;18,5;22,5;28,4;16;14,6
1964;1923;41;16,8;23,2;28,5;16,5;15
1965;1924;41;16,9;22,7;28,6;16,2;15,6
1966;1925;41;17,1;22,3;28,4;16,6;15,6
1967;1926;41;16,5;21;28,8;17,1;16,6
1968;1927;41;16,2;20,9;28,6;17,2;17,1
1969;1928;41;15,2;20,6;28,9;17,5;17,8
1970;1929;41;15,3;19,5;29,2;17,8;18,2
1971;1930;41;13,6;18,4;29,9;18,8;19,3
1972;1931;41;14,1;17,8;29,7;19,1;19,3
1973;1932;41;14,1;17,5;29,6;19,5;19,3
1974;1933;41;13;16,1;31,3;19,8;19,8
1975;1934;41;11,5;16,1;31,7;20,9;19,8
1976;1935;41;11,8;15,2;32,2;21,2;19,6
1977;1936;41;11,9;15,2;31,9;21,7;19,3
1978;1937;41;12,3;14,1;32,8;21,8;19
1979;1938;41;11,6;14,1;33,6;22,2;18,5
1980;1939;41;11,7;13,4;34,8;22,3;17,8
1981;1940;41;11,4;12,8;35,9;22,5;17,4
1982;1941;41;10,9;12,9;37,2;22,5;16,5
1983;1942;41;11,4;12,8;38,5;22;15,3
1984;1943;41;11,9;12,3;40,1;21,5;14,2
1985;1944;41;10,8;13,3;41,8;21,3;12,8
1986;1945;41;10;13,7;43,3;20,9;12,1
1987;1946;41;9,5;14;44;21;11,5
1988;1947;41;12,7;14;43,3;19,6;10,4
1989;1948;41;11,6;13,4;44,6;20,1;10,3
1990;1949;41;13,1;13,2;43,9;19,5;10,3
1991;1950;41;13,9;12,8;43,7;19,4;10,2
1992;1951;41;14,8;13;42,9;19,2;10,1
1993;1952;41;14,9;12,4;43,5;19,1;10,1
1994;1953;41;15,2;12,6;42,8;19,2;10,2
1995;1954;41;16,5;12,4;41,8;19,1;10,2
1996;1955;41;16,4;13;41,2;19,1;10,3
1997;1956;41;17,3;12,6;40,4;19,2;10,5
1998;1957;41;17,8;12,5;39,7;19,3;10,7
1999;1958;41;18,7;12,6;38,9;19,2;10,6
2000;1959;41;19,4;12,2;38,6;19,4;10,4
2001;1960;41;19,7;11,9;38,2;19,8;10,4
2002;1961;41;20,4;12,3;37,5;19,7;10,1
2003;1962;41;20,7;12,7;37,2;19,6;9,8
2004;1963;41;20,9;12,2;38,1;19,3;9,5
2005;1964;41;21,1;12,5;38,1;18,9;9,4
2006;1965;41;21,1;13,3;37,7;18,3;9,6
2007;1966;41;20,7;14,2;37,4;18;9,7
2008;1967;41;20,5;15,1;37;17,8;9,6
2009;1968;41;19,1;17;36,6;17,4;9,9
2010;1969;41;19,2;17,4;36,4;17,3;9,7
2011;1970;41;18,5;18,3;36,6;17,1;9,5
2012;1971;41;18,6;18,6;36,7;16,6;9,5
2013;1972;41;19,5;18,5;36,2;16,2;9,6
2014;1973;41;19,8;18,2;36,2;16;9,8
2015;1974;41;19;18,1;36,9;15,9;10,1
2016;1975;41;19,5;17,5;36,8;15,9;10,3
2017;1976;41;18,7;17,7;37,2;16,2;10,2
2018;1977;41;17,9;18,2;37,4;16,4;10,1
2019;1978;41;17,8;18;37,5;16,7;10
2020;1979;41;17,1;18,7;37,5;16,9;9,8
2021;1980;41;16,9;18,5;37,8;17;9,8
2022;1981;41;16,6;18,6;38,2;17;9,6
2023;1982;41;16,9;17,6;38,8;17,3;9,4
2024;1983;41;18;16,6;38,9;17,3;9,2
1962;1920;42;21,1;21,3;27,2;15,7;14,7
1963;1921;42;18,2;22,3;28,5;16,2;14,8
1964;1922;42;18,4;22,3;28,4;16;14,9
1965;1923;42;16,7;23;28,5;16,5;15,3
1966;1924;42;16,8;22,6;28,5;16,2;15,9
1967;1925;42;17;22,2;28,3;16,6;15,9
1968;1926;42;16,4;20,8;28,8;17,1;16,9
1969;1927;42;16,1;20,8;28,5;17,2;17,4
1970;1928;42;15,1;20,5;28,8;17,6;18
1971;1929;42;15,2;19,5;29,1;17,8;18,4
1972;1930;42;13,5;18,3;29,9;18,8;19,5
1973;1931;42;14;17,7;29,7;19,1;19,5
1974;1932;42;14;17,4;29,7;19,5;19,4
1975;1933;42;12,9;16,1;31,2;19,9;19,9
1976;1934;42;11,4;16,1;31,7;20,9;19,9
1977;1935;42;11,7;15,2;32,2;21,2;19,7
1978;1936;42;11,9;15,1;31,9;21,7;19,4
1979;1937;42;12,2;14,1;32,8;21,8;19,1
1980;1938;42;11,5;14,1;33,6;22,2;18,6
1981;1939;42;11,6;13,4;34,8;22,3;17,9
1982;1940;42;11,3;12,7;35,9;22,5;17,6
1983;1941;42;10,8;12,9;37,2;22,5;16,6
1984;1942;42;11,4;12,7;38,5;22;15,4
1985;1943;42;11,8;12,3;40,1;21,4;14,4
1986;1944;42;10,7;13,3;41,8;21,3;12,9
1987;1945;42;9,9;13,7;43,3;20,8;12,3
1988;1946;42;9,4;14;43,9;21;11,7
1989;1947;42;12,6;14;43,2;19,7;10,5
1990;1948;42;11,5;13,4;44,5;20,2;10,4
1991;1949;42;12,9;13,3;43,9;19,5;10,4
1992;1950;42;13,8;12,8;43,6;19,5;10,3
1993;1951;42;14,7;12,9;43;19,2;10,2
1994;1952;42;14,7;12,3;43,6;19,2;10,2
1995;1953;42;15,1;12,4;42,9;19,3;10,3
1996;1954;42;16,3;12,4;41,8;19,2;10,3
1997;1955;42;16,2;12,9;41,3;19,2;10,4
1998;1956;42;17,1;12,5;40,5;19,3;10,6
1999;1957;42;17,6;12,4;39,8;19,4;10,8
2000;1958;42;18,5;12,5;39;19,3;10,7
2001;1959;42;19,2;12,1;38,7;19,4;10,6
2002;1960;42;19,4;11,9;38,2;20;10,5
2003;1961;42;20,1;12,3;37,6;19,8;10,2
2004;1962;42;20,3;12,8;37,3;19,7;9,9
2005;1963;42;20,5;12,2;38,3;19,4;9,6
2006;1964;42;20,8;12,4;38,2;19,1;9,5
2007;1965;42;20,7;13,3;37,8;18,4;9,8
2008;1966;42;20,3;14,1;37,5;18,2;9,9
2009;1967;42;20,1;15;37,2;17,9;9,8
2010;1968;42;18,7;16,8;36,9;17,6;10
2011;1969;42;18,8;17,3;36,6;17,4;9,9
2012;1970;42;18;18,3;36,7;17,3;9,7
2013;1971;42;18,2;18,3;37;16,8;9,7
2014;1972;42;19,1;18,2;36,6;16,3;9,8
2015;1973;42;19,4;18;36,4;16,2;10
2016;1974;42;18,6;17,8;37,2;16;10,4
2017;1975;42;19;17,3;37,1;16,2;10,4
2018;1976;42;18,2;17,5;37,5;16,4;10,4
2019;1977;42;17,4;18;37,7;16,6;10,3
2020;1978;42;17,3;17,8;37,8;16,9;10,2
2021;1979;42;16,6;18,6;37,8;17;10
2022;1980;42;16,4;18,3;38,2;17,2;9,9
2023;1981;42;16,1;18,4;38,6;17,1;9,8
2024;1982;42;16,4;17,4;39,1;17,5;9,6
1963;1920;43;21;21,3;27;15,8;14,9
1964;1921;43;18,1;22,2;28,4;16,3;15
1965;1922;43;18,3;22,3;28,3;15,9;15,2
1966;1923;43;16,6;22,9;28,4;16,5;15,6
1967;1924;43;16,7;22,5;28,5;16,2;16,1
1968;1925;43;16,9;22,2;28,2;16,6;16,1
1969;1926;43;16,3;20,8;28,7;17,1;17,1
1970;1927;43;16;20,8;28,4;17,3;17,5
1971;1928;43;15,1;20,4;28,8;17,6;18,1
1972;1929;43;15,1;19,5;29,1;17,8;18,5
1973;1930;43;13,4;18,3;29,9;18,8;19,6
1974;1931;43;14;17,6;29,7;19,1;19,6
1975;1932;43;13,9;17,4;29,7;19,5;19,5
1976;1933;43;12,9;16;31,3;19,8;20
1977;1934;43;11,4;16;31,7;20,9;20
1978;1935;43;11,7;15,1;32,2;21,3;19,7
1979;1936;43;11,8;15,1;31,9;21,8;19,4
1980;1937;43;12,2;14;32,9;21,8;19,1
1981;1938;43;11,5;14,1;33,5;22,2;18,7
1982;1939;43;11,6;13,4;34,8;22,2;18
1983;1940;43;11,2;12,8;35,9;22,4;17,7
1984;1941;43;10,7;13;37,1;22,5;16,7
1985;1942;43;11,3;12,8;38,4;22;15,5
1986;1943;43;11,8;12,2;40,1;21,5;14,4
1987;1944;43;10,7;13,2;41,8;21,3;13
1988;1945;43;9,8;13,7;43,3;20,9;12,3
1989;1946;43;9,3;14;43,9;21,1;11,7
1990;1947;43;12,5;14;43,2;19,7;10,6
1991;1948;43;11,5;13,3;44,5;20,2;10,5
1992;1949;43;12,9;13,2;43,9;19,5;10,5
1993;1950;43;13,7;12,7;43,7;19,5;10,4
1994;1951;43;14,6;12,9;43;19,2;10,3
1995;1952;43;14,6;12,3;43,6;19,2;10,3
1996;1953;43;15;12,4;42,9;19,4;10,3
1997;1954;43;16,2;12,3;41,9;19,2;10,4
1998;1955;43;16,1;12,8;41,4;19,3;10,4
1999;1956;43;16,9;12,5;40,5;19,4;10,7
2000;1957;43;17,4;12,4;39,9;19,5;10,8
2001;1958;43;18,3;12,5;39,1;19,3;10,8
2002;1959;43;19;12,1;38,7;19,6;10,6
2003;1960;43;19,2;11,9;38,3;20;10,6
2004;1961;43;19,9;12,2;37,7;19,9;10,3
2005;1962;43;20,1;12,7;37,4;19,8;10
2006;1963;43;20,3;12,2;38,3;19,5;9,7
2007;1964;43;20,5;12,4;38,3;19,2;9,6
2008;1965;43;20,4;13,3;37,9;18,5;9,9
2009;1966;43;20;14,1;37,6;18,3;10
2010;1967;43;19,8;15;37,3;18;9,9
2011;1968;43;18,4;16,8;37;17,7;10,1
2012;1969;43;18,5;17,3;36,6;17,6;10
2013;1970;43;17,7;18,2;36,9;17,4;9,8
2014;1971;43;18;18,2;37,1;16,8;9,9
2015;1972;43;18,8;18,2;36,6;16,5;9,9
2016;1973;43;19,1;17,9;36,6;16,3;10,1
2017;1974;43;18,3;17,7;37,3;16,2;10,5
2018;1975;43;18,7;17,2;37,2;16,3;10,6
2019;1976;43;17,8;17,5;37,7;16,4;10,6
2020;1977;43;17;18;37,9;16,7;10,4
2021;1978;43;17;17,7;38;17;10,3
2022;1979;43;16,3;18,5;38;17;10,2
2023;1980;43;16;18,3;38,3;17,3;10,1
2024;1981;43;15,8;18,3;38,8;17,2;9,9
1964;1920;44;20,9;21,3;27;15,7;15,1
1965;1921;44;18,1;22,1;28,4;16,2;15,2
1966;1922;44;18,2;22,3;28,2;16;15,3
1967;1923;44;16,5;22,9;28,4;16,5;15,7
1968;1924;44;16,6;22,5;28,4;16,3;16,2
1969;1925;44;16,8;22,2;28,2;16,6;16,2
1970;1926;44;16,3;20,7;28,7;17,1;17,2
1971;1927;44;15,9;20,8;28,5;17,2;17,6
1972;1928;44;15;20,5;28,7;17,6;18,2
1973;1929;44;15,1;19,4;29,1;17,8;18,6
1974;1930;44;13,4;18,3;29,8;18,8;19,7
1975;1931;44;13,9;17,7;29,6;19,2;19,6
1976;1932;44;13,9;17,4;29,6;19,5;19,6
1977;1933;44;12,9;16;31,2;19,8;20,1
1978;1934;44;11,3;16,1;31,7;20,9;20
1979;1935;44;11,6;15,2;32,2;21,2;19,8
1980;1936;44;11,8;15,1;31,9;21,7;19,5
1981;1937;44;12,1;14,1;32,8;21,8;19,2
1982;1938;44;11,4;14,1;33,6;22,1;18,8
1983;1939;44;11,5;13,4;34,8;22,2;18,1
1984;1940;44;11,2;12,7;35,9;22,5;17,7
1985;1941;44;10,7;12,9;37,2;22,4;16,8
1986;1942;44;11,3;12,7;38,5;22;15,5
1987;1943;44;11,7;12,3;40,1;21,4;14,5
1988;1944;44;10,6;13,3;41,8;21,3;13
1989;1945;44;9,8;13,6;43,3;20,9;12,4
1990;1946;44;9,3;14;43,9;21;11,8
1991;1947;44;12,5;14;43,2;19,7;10,6
1992;1948;44;11,4;13,4;44,5;20,2;10,5
1993;1949;44;12,8;13,2;43,9;19,6;10,5
1994;1950;44;13,7;12,7;43,7;19,5;10,4
1995;1951;44;14,5;12,9;43;19,3;10,3
1996;1952;44;14,5;12,3;43,7;19,2;10,3
1997;1953;44;14,9;12,4;42,9;19,4;10,4
1998;1954;44;16,1;12,3;41,9;19,3;10,4
1999;1955;44;16;12,8;41,4;19,3;10,5
2000;1956;44;16,8;12,5;40,6;19,4;10,7
2001;1957;44;17,3;12,4;39,9;19,5;10,9
2002;1958;44;18,2;12,5;39,1;19,4;10,8
2003;1959;44;18,9;12,1;38,7;19,6;10,7
2004;1960;44;19,1;11,8;38,4;20,1;10,6
2005;1961;44;19,8;12,2;37,7;20;10,3
2006;1962;44;20;12,7;37,4;19,8;10,1
2007;1963;44;20,2;12,1;38,4;19,5;9,8
2008;1964;44;20,4;12,3;38,4;19,3;9,6
2009;1965;44;20,2;13,3;38;18,5;10
2010;1966;44;19,8;14,1;37,7;18,3;10,1
2011;1967;44;19,6;15;37,4;18;10
2012;1968;44;18,2;16,8;37;17,8;10,2
2013;1969;44;18,3;17,3;36,7;17,6;10,1
2014;1970;44;17,5;18,2;37;17,4;9,9
2015;1971;44;17,8;18,2;37,2;16,8;10
2016;1972;44;18,7;18;36,8;16,5;10
2017;1973;44;18,9;17,9;36,7;16,3;10,2
2018;1974;44;18,1;17,7;37,4;16,2;10,6
2019;1975;44;18,5;17,1;37,4;16,4;10,6
2020;1976;44;17,7;17,3;37,8;16,5;10,7
2021;1977;44;16,8;17,9;38;16,8;10,5
2022;1978;44;16,8;17,7;38,1;17;10,4
2023;1979;44;16,1;18,5;38;17,2;10,2
2024;1980;44;15,8;18,3;38,4;17,4;10,1
1965;1920;45;20,9;21,2;27;15,8;15,1
1966;1921;45;18;22,1;28,4;16,2;15,3
1967;1922;45;18,2;22,2;28,2;16;15,4
1968;1923;45;16,5;22,9;28,3;16,5;15,8
1969;1924;45;16,6;22,5;28,4;16,2;16,3
1970;1925;45;16,8;22,1;28,2;16,6;16,3
1971;1926;45;16,3;20,7;28,7;17,1;17,2
1972;1927;45;15,9;20,8;28,4;17,2;17,7
1973;1928;45;15;20,4;28,8;17,5;18,3
1974;1929;45;15;19,5;29,1;17,8;18,6
1975;1930;45;13,4;18,2;29,9;18,8;19,7
1976;1931;45;13,9;17,7;29,6;19,2;19,6
1977;1932;45;13,9;17,4;29,6;19,5;19,6
1978;1933;45;12,8;16,1;31,2;19,8;20,1
1979;1934;45;11,3;16;31,7;20,9;20,1
1980;1935;45;11,6;15,2;32,2;21,2;19,8
1981;1936;45;11,8;15,1;31,9;21,7;19,5
1982;1937;45;12,1;14,1;32,8;21,8;19,2
1983;1938;45;11,4;14,1;33,6;22,1;18,8
1984;1939;45;11,5;13,4;34,8;22,2;18,1
1985;1940;45;11,2;12,7;35,9;22,4;17,8
1986;1941;45;10,7;12,9;37,2;22,4;16,8
1987;1942;45;11,3;12,7;38,5;21,9;15,6
1988;1943;45;11,7;12,3;40,1;21,4;14,5
1989;1944;45;10,6;13,3;41,7;21,3;13,1
1990;1945;45;9,8;13,6;43,3;20,9;12,4
1991;1946;45;9,3;13,9;44;21;11,8
1992;1947;45;12,5;14;43,2;19,7;10,6
1993;1948;45;11,4;13,3;44,5;20,3;10,5
1994;1949;45;12,8;13,2;43,9;19,6;10,5
1995;1950;45;13,7;12,6;43,7;19,6;10,4
1996;1951;45;14,5;12,9;43;19,3;10,3
1997;1952;45;14,5;12,3;43,6;19,3;10,3
1998;1953;45;14,9;12,4;42,9;19,4;10,4
1999;1954;45;16,1;12,3;41,9;19,3;10,4
2000;1955;45;15,9;12,9;41,3;19,4;10,5
2001;1956;45;16,8;12,5;40,5;19,4;10,8
2002;1957;45;17,3;12,4;39,8;19,6;10,9
2003;1958;45;18,1;12,5;39,2;19,3;10,9
2004;1959;45;18,8;12,1;38,8;19,6;10,7
2005;1960;45;19;11,9;38,3;20,1;10,7
2006;1961;45;19,7;12,2;37,8;19,9;10,4
2007;1962;45;19,9;12,7;37,4;19,9;10,1
2008;1963;45;20,1;12,1;38,4;19,6;9,8
2009;1964;45;20,3;12,3;38,4;19,3;9,7
2010;1965;45;20,1;13,3;38;18,6;10
2011;1966;45;19,7;14,1;37,7;18,4;10,1
2012;1967;45;19,5;15;37,4;18,1;10
2013;1968;45;18,1;16,8;37,1;17,7;10,3
2014;1969;45;18,2;17,2;36,8;17,7;10,1
2015;1970;45;17,4;18,1;37,1;17,5;9,9
2016;1971;45;17,7;18,1;37,3;16,9;10
2017;1972;45;18,6;18;36,8;16,6;10
2018;1973;45;18,8;17,8;36,8;16,4;10,2
2019;1974;45;18;17,7;37,4;16,3;10,6
2020;1975;45;18,4;17,1;37,4;16,4;10,7
2021;1976;45;17,5;17,4;37,9;16,5;10,7
2022;1977;45;16,7;17,9;38,1;16,8;10,5
2023;1978;45;16,7;17,7;38,1;17,1;10,4
2024;1979;45;15,9;18,5;38,2;17,1;10,3
