Year,Sex,Age,Population
2000,M,0,39969
2000,M,1,40304
2000,M,2,40524
2000,M,3,41261
2000,M,4,42351
2000,M,5,41544
2000,M,6,42315
2000,M,7,43042
2000,M,8,44932
2000,M,9,45389
2000,M,10,45290
2000,M,11,44209
2000,M,12,44458
2000,M,13,42805
2000,M,14,43059
2000,M,15,42623
2000,M,16,43334
2000,M,17,42579
2000,M,18,42979
2000,M,19,43040
2000,M,20,43154
2000,M,21,41630
2000,M,22,41461
2000,M,23,41937
2000,M,24,41662
2000,M,25,42662
2000,M,26,44665
2000,M,27,46105
2000,M,28,48553
2000,M,29,50474
2000,M,30,52570
2000,M,31,54474
2000,M,32,56825
2000,M,33,58661
2000,M,34,61166
2000,M,35,63192
2000,M,36,64423
2000,M,37,63308
2000,M,38,61765
2000,M,39,59897
2000,M,40,59228
2000,M,41,57569
2000,M,42,56363
2000,M,43,55590
2000,M,44,54521
2000,M,45,52591
2000,M,46,51123
2000,M,47,49617
2000,M,48,49945
2000,M,49,48265
2000,M,50,50043
2000,M,51,49239
2000,M,52,49849
2000,M,53,49269
2000,M,54,49264
2000,M,55,47840
2000,M,56,46543
2000,M,57,44869
2000,M,58,42875
2000,M,59,39495
2000,M,60,36355
2000,M,61,35190
2000,M,62,33967
2000,M,63,32419
2000,M,64,32204
2000,M,65,31496
2000,M,66,30434
2000,M,67,28702
2000,M,68,28173
2000,M,69,26945
2000,M,70,26355
2000,M,71,24648
2000,M,72,23481
2000,M,73,22372
2000,M,74,21469
2000,M,75,20607
2000,M,76,19113
2000,M,77,18463
2000,M,78,16945
2000,M,79,16378
2000,M,80,14973
2000,M,81,11835
2000,M,82,10501
2000,M,83,9245
2000,M,84,8349
2000,M,85,7359
2000,M,86,7133
2000,M,87,5933
2000,M,88,4980
2000,M,89,3784
2000,M,90,3197
2000,M,91,2353
2000,M,92,1751
2000,M,93,1248
2000,M,94,937
2000,M,95,596
2000,M,96,377
2000,M,97,285
2000,M,98,184
2000,M,99,273
2000,F,0,37673
2000,F,1,38097
2000,F,2,38532
2000,F,3,39121
2000,F,4,40078
2000,F,5,39408
2000,F,6,39904
2000,F,7,40374
2000,F,8,42590
2000,F,9,42608
2000,F,10,42508
2000,F,11,41722
2000,F,12,41905
2000,F,13,40471
2000,F,14,40840
2000,F,15,40624
2000,F,16,40253
2000,F,17,39948
2000,F,18,41003
2000,F,19,40685
2000,F,20,41390
2000,F,21,40873
2000,F,22,40434
2000,F,23,41434
2000,F,24,42540
2000,F,25,43261
2000,F,26,45424
2000,F,27,47131
2000,F,28,49675
2000,F,29,52532
2000,F,30,54161
2000,F,31,56507
2000,F,32,58308
2000,F,33,59807
2000,F,34,61562
2000,F,35,62260
2000,F,36,63281
2000,F,37,62270
2000,F,38,60397
2000,F,39,58926
2000,F,40,58041
2000,F,41,56467
2000,F,42,54605
2000,F,43,54038
2000,F,44,52699
2000,F,45,51421
2000,F,46,50770
2000,F,47,49685
2000,F,48,49762
2000,F,49,47913
2000,F,50,49406
2000,F,51,48942
2000,F,52,49773
2000,F,53,48896
2000,F,54,48936
2000,F,55,46742
2000,F,56,46440
2000,F,57,45098
2000,F,58,43220
2000,F,59,40745
2000,F,60,38372
2000,F,61,37227
2000,F,62,36145
2000,F,63,34836
2000,F,64,35349
2000,F,65,34763
2000,F,66,34438
2000,F,67,33603
2000,F,68,33339
2000,F,69,32636
2000,F,70,32858
2000,F,71,31744
2000,F,72,31126
2000,F,73,29958
2000,F,74,29986
2000,F,75,29355
2000,F,76,28683
2000,F,77,27530
2000,F,78,25984
2000,F,79,26190
2000,F,80,24299
2000,F,81,19826
2000,F,82,18047
2000,F,83,17022
2000,F,84,15953
2000,F,85,14976
2000,F,86,14971
2000,F,87,13342
2000,F,88,11998
2000,F,89,10205
2000,F,90,8624
2000,F,91,6834
2000,F,92,5679
2000,F,93,4170
2000,F,94,3179
2000,F,95,2236
2000,F,96,1625
2000,F,97,1062
2000,F,98,799
2000,F,99,1272
2001,M,0,36864
2001,M,1,37231
2001,M,2,38986
2001,M,3,39548
2001,M,4,40537
2001,M,5,41841
2001,M,6,41543
2001,M,7,42395
2001,M,8,42896
2001,M,9,44672
2001,M,10,45263
2001,M,11,44977
2001,M,12,44257
2001,M,13,44415
2001,M,14,42699
2001,M,15,42814
2001,M,16,42498
2001,M,17,43169
2001,M,18,42480
2001,M,19,42902
2001,M,20,43099
2001,M,21,43065
2001,M,22,42366
2001,M,23,42418
2001,M,24,43354
2001,M,25,43426
2001,M,26,44550
2001,M,27,46733
2001,M,28,48209
2001,M,29,50359
2001,M,30,52796
2001,M,31,54385
2001,M,32,56497
2001,M,33,58755
2001,M,34,60184
2001,M,35,62155
2001,M,36,63645
2001,M,37,65068
2001,M,38,63633
2001,M,39,61827
2001,M,40,60072
2001,M,41,58968
2001,M,42,57703
2001,M,43,56434
2001,M,44,55662
2001,M,45,54723
2001,M,46,52589
2001,M,47,50999
2001,M,48,49604
2001,M,49,49819
2001,M,50,48180
2001,M,51,49768
2001,M,52,49121
2001,M,53,49582
2001,M,54,48871
2001,M,55,48856
2001,M,56,47231
2001,M,57,45970
2001,M,58,44293
2001,M,59,42244
2001,M,60,38864
2001,M,61,35611
2001,M,62,34541
2001,M,63,33380
2001,M,64,31701
2001,M,65,31253
2001,M,66,30656
2001,M,67,29687
2001,M,68,27919
2001,M,69,27473
2001,M,70,26394
2001,M,71,25637
2001,M,72,24010
2001,M,73,22845
2001,M,74,21635
2001,M,75,20672
2001,M,76,19776
2001,M,77,18287
2001,M,78,17603
2001,M,79,16139
2001,M,80,15512
2001,M,81,14079
2001,M,82,11038
2001,M,83,9721
2001,M,84,8458
2001,M,85,7624
2001,M,86,6662
2001,M,87,6311
2001,M,88,5239
2001,M,89,4298
2001,M,90,3205
2001,M,91,2616
2001,M,92,1947
2001,M,93,1435
2001,M,94,989
2001,M,95,729
2001,M,96,460
2001,M,97,263
2001,M,98,191
2001,M,99,289
2001,F,0,34953
2001,F,1,35038
2001,F,2,36952
2001,F,3,37728
2001,F,4,38454
2001,F,5,39720
2001,F,6,39557
2001,F,7,40230
2001,F,8,40738
2001,F,9,42837
2001,F,10,42820
2001,F,11,42674
2001,F,12,42025
2001,F,13,42132
2001,F,14,40522
2001,F,15,41017
2001,F,16,40814
2001,F,17,40541
2001,F,18,40288
2001,F,19,41726
2001,F,20,41492
2001,F,21,42419
2001,F,22,42166
2001,F,23,42138
2001,F,24,43118
2001,F,25,44086
2001,F,26,44878
2001,F,27,47102
2001,F,28,48502
2001,F,29,50915
2001,F,30,53659
2001,F,31,55160
2001,F,32,57650
2001,F,33,59303
2001,F,34,60535
2001,F,35,62103
2001,F,36,62624
2001,F,37,63734
2001,F,38,62628
2001,F,39,60773
2001,F,40,59346
2001,F,41,58081
2001,F,42,56798
2001,F,43,54898
2001,F,44,54398
2001,F,45,52882
2001,F,46,51500
2001,F,47,50810
2001,F,48,49605
2001,F,49,49639
2001,F,50,47699
2001,F,51,49140
2001,F,52,48801
2001,F,53,49658
2001,F,54,48704
2001,F,55,48544
2001,F,56,46377
2001,F,57,46056
2001,F,58,44677
2001,F,59,42637
2001,F,60,40375
2001,F,61,37838
2001,F,62,36798
2001,F,63,35821
2001,F,64,34378
2001,F,65,34918
2001,F,66,34455
2001,F,67,33949
2001,F,68,33251
2001,F,69,32961
2001,F,70,32239
2001,F,71,32413
2001,F,72,31508
2001,F,73,30729
2001,F,74,29564
2001,F,75,29510
2001,F,76,28903
2001,F,77,28021
2001,F,78,26921
2001,F,79,25434
2001,F,80,25529
2001,F,81,23381
2001,F,82,19068
2001,F,83,17379
2001,F,84,16091
2001,F,85,15003
2001,F,86,13892
2001,F,87,13852
2001,F,88,12220
2001,F,89,10792
2001,F,90,9011
2001,F,91,7385
2001,F,92,5814
2001,F,93,4765
2001,F,94,3462
2001,F,95,2513
2001,F,96,1772
2001,F,97,1223
2001,F,98,795
2001,F,99,1370
2002,M,0,37120
2002,M,1,37223
2002,M,2,37603
2002,M,3,39351
2002,M,4,39892
2002,M,5,40872
2002,M,6,42186
2002,M,7,41839
2002,M,8,42689
2002,M,9,43210
2002,M,10,45047
2002,M,11,45555
2002,M,12,45308
2002,M,13,44565
2002,M,14,44755
2002,M,15,43208
2002,M,16,43247
2002,M,17,42831
2002,M,18,43630
2002,M,19,42782
2002,M,20,43458
2002,M,21,43525
2002,M,22,43581
2002,M,23,43129
2002,M,24,43364
2002,M,25,44247
2002,M,26,44478
2002,M,27,45581
2002,M,28,47822
2002,M,29,49049
2002,M,30,51303
2002,M,31,53826
2002,M,32,55202
2002,M,33,57415
2002,M,34,59473
2002,M,35,60862
2002,M,36,62923
2002,M,37,64184
2002,M,38,65542
2002,M,39,64068
2002,M,40,62148
2002,M,41,60272
2002,M,42,59217
2002,M,43,57910
2002,M,44,56663
2002,M,45,55721
2002,M,46,54757
2002,M,47,52654
2002,M,48,51114
2002,M,49,49577
2002,M,50,49692
2002,M,51,48009
2002,M,52,49689
2002,M,53,48963
2002,M,54,49377
2002,M,55,48630
2002,M,56,48536
2002,M,57,46879
2002,M,58,45630
2002,M,59,43853
2002,M,60,41741
2002,M,61,38342
2002,M,62,35044
2002,M,63,33963
2002,M,64,32776
2002,M,65,30947
2002,M,66,30647
2002,M,67,30054
2002,M,68,29085
2002,M,69,27332
2002,M,70,26792
2002,M,71,25646
2002,M,72,24899
2002,M,73,23242
2002,M,74,22065
2002,M,75,20832
2002,M,76,19833
2002,M,77,18841
2002,M,78,17341
2002,M,79,16588
2002,M,80,15016
2002,M,81,14444
2002,M,82,12964
2002,M,83,10008
2002,M,84,8786
2002,M,85,7538
2002,M,86,6725
2002,M,87,5734
2002,M,88,5388
2002,M,89,4420
2002,M,90,3573
2002,M,91,2580
2002,M,92,2028
2002,M,93,1510
2002,M,94,1076
2002,M,95,728
2002,M,96,510
2002,M,97,309
2002,M,98,172
2002,M,99,274
2002,F,0,34869
2002,F,1,35159
2002,F,2,35400
2002,F,3,37209
2002,F,4,38017
2002,F,5,38668
2002,F,6,39944
2002,F,7,39726
2002,F,8,40537
2002,F,9,41066
2002,F,10,43074
2002,F,11,43099
2002,F,12,43049
2002,F,13,42332
2002,F,14,42451
2002,F,15,40851
2002,F,16,41372
2002,F,17,41125
2002,F,18,41010
2002,F,19,40911
2002,F,20,42637
2002,F,21,42354
2002,F,22,43361
2002,F,23,43259
2002,F,24,43301
2002,F,25,44364
2002,F,26,45329
2002,F,27,46120
2002,F,28,48194
2002,F,29,49665
2002,F,30,51903
2002,F,31,54678
2002,F,32,55975
2002,F,33,58389
2002,F,34,60011
2002,F,35,61070
2002,F,36,62710
2002,F,37,63094
2002,F,38,64211
2002,F,39,63105
2002,F,40,61133
2002,F,41,59639
2002,F,42,58419
2002,F,43,57100
2002,F,44,55105
2002,F,45,54518
2002,F,46,52978
2002,F,47,51504
2002,F,48,50837
2002,F,49,49580
2002,F,50,49665
2002,F,51,47688
2002,F,52,49003
2002,F,53,48703
2002,F,54,49565
2002,F,55,48621
2002,F,56,48336
2002,F,57,46097
2002,F,58,45808
2002,F,59,44430
2002,F,60,42387
2002,F,61,40092
2002,F,62,37526
2002,F,63,36480
2002,F,64,35459
2002,F,65,34064
2002,F,66,34565
2002,F,67,34112
2002,F,68,33520
2002,F,69,32910
2002,F,70,32483
2002,F,71,31747
2002,F,72,31891
2002,F,73,31008
2002,F,74,30132
2002,F,75,28901
2002,F,76,28849
2002,F,77,28098
2002,F,78,27240
2002,F,79,26051
2002,F,80,24424
2002,F,81,24365
2002,F,82,22192
2002,F,83,18046
2002,F,84,16217
2002,F,85,14857
2002,F,86,13689
2002,F,87,12551
2002,F,88,12353
2002,F,89,10683
2002,F,90,9319
2002,F,91,7534
2002,F,92,6116
2002,F,93,4682
2002,F,94,3777
2002,F,95,2642
2002,F,96,1861
2002,F,97,1288
2002,F,98,879
2002,F,99,1506
2003,M,0,36701
2003,M,1,37374
2003,M,2,37569
2003,M,3,37949
2003,M,4,39631
2003,M,5,40295
2003,M,6,41098
2003,M,7,42496
2003,M,8,42084
2003,M,9,42954
2003,M,10,43512
2003,M,11,45312
2003,M,12,45818
2003,M,13,45625
2003,M,14,44915
2003,M,15,45099
2003,M,16,43576
2003,M,17,43580
2003,M,18,43185
2003,M,19,43973
2003,M,20,43245
2003,M,21,43853
2003,M,22,44068
2003,M,23,44215
2003,M,24,43969
2003,M,25,44224
2003,M,26,45238
2003,M,27,45457
2003,M,28,46537
2003,M,29,48676
2003,M,30,49902
2003,M,31,52284
2003,M,32,54605
2003,M,33,55903
2003,M,34,57936
2003,M,35,60071
2003,M,36,61151
2003,M,37,63373
2003,M,38,64542
2003,M,39,65822
2003,M,40,64292
2003,M,41,62374
2003,M,42,60397
2003,M,43,59308
2003,M,44,58008
2003,M,45,56731
2003,M,46,55730
2003,M,47,54840
2003,M,48,52579
2003,M,49,51027
2003,M,50,49442
2003,M,51,49484
2003,M,52,47763
2003,M,53,49457
2003,M,54,48664
2003,M,55,49026
2003,M,56,48251
2003,M,57,48064
2003,M,58,46400
2003,M,59,45208
2003,M,60,43316
2003,M,61,41259
2003,M,62,37829
2003,M,63,34528
2003,M,64,33479
2003,M,65,32057
2003,M,66,30310
2003,M,67,30062
2003,M,68,29485
2003,M,69,28498
2003,M,70,26753
2003,M,71,26203
2003,M,72,25015
2003,M,73,24119
2003,M,74,22487
2003,M,75,21233
2003,M,76,20008
2003,M,77,18990
2003,M,78,17948
2003,M,79,16350
2003,M,80,15600
2003,M,81,13952
2003,M,82,13379
2003,M,83,11840
2003,M,84,8999
2003,M,85,7764
2003,M,86,6633
2003,M,87,5819
2003,M,88,4901
2003,M,89,4520
2003,M,90,3618
2003,M,91,2861
2003,M,92,2020
2003,M,93,1559
2003,M,94,1135
2003,M,95,800
2003,M,96,519
2003,M,97,345
2003,M,98,192
2003,M,99,292
2003,F,0,34819
2003,F,1,35074
2003,F,2,35498
2003,F,3,35693
2003,F,4,37403
2003,F,5,38253
2003,F,6,38880
2003,F,7,40148
2003,F,8,39954
2003,F,9,40736
2003,F,10,41321
2003,F,11,43272
2003,F,12,43269
2003,F,13,43273
2003,F,14,42637
2003,F,15,42667
2003,F,16,41262
2003,F,17,41579
2003,F,18,41625
2003,F,19,41685
2003,F,20,41816
2003,F,21,43474
2003,F,22,43259
2003,F,23,44393
2003,F,24,44305
2003,F,25,44552
2003,F,26,45536
2003,F,27,46574
2003,F,28,47251
2003,F,29,49248
2003,F,30,50627
2003,F,31,52677
2003,F,32,55453
2003,F,33,56593
2003,F,34,58920
2003,F,35,60503
2003,F,36,61468
2003,F,37,63053
2003,F,38,63320
2003,F,39,64501
2003,F,40,63333
2003,F,41,61344
2003,F,42,59761
2003,F,43,58579
2003,F,44,57214
2003,F,45,55205
2003,F,46,54553
2003,F,47,52999
2003,F,48,51519
2003,F,49,50715
2003,F,50,49494
2003,F,51,49528
2003,F,52,47533
2003,F,53,48814
2003,F,54,48538
2003,F,55,49326
2003,F,56,48325
2003,F,57,48077
2003,F,58,45817
2003,F,59,45493
2003,F,60,44151
2003,F,61,42132
2003,F,62,39781
2003,F,63,37167
2003,F,64,36165
2003,F,65,35158
2003,F,66,33733
2003,F,67,34260
2003,F,68,33793
2003,F,69,33203
2003,F,70,32534
2003,F,71,32076
2003,F,72,31329
2003,F,73,31405
2003,F,74,30498
2003,F,75,29559
2003,F,76,28251
2003,F,77,28159
2003,F,78,27317
2003,F,79,26393
2003,F,80,25052
2003,F,81,23440
2003,F,82,23202
2003,F,83,20925
2003,F,84,16848
2003,F,85,14945
2003,F,86,13591
2003,F,87,12347
2003,F,88,11122
2003,F,89,10863
2003,F,90,9188
2003,F,91,7821
2003,F,92,6201
2003,F,93,4941
2003,F,94,3643
2003,F,95,2847
2003,F,96,1974
2003,F,97,1326
2003,F,98,927
2003,F,99,1604
2004,M,0,37277
2004,M,1,36832
2004,M,2,37697
2004,M,3,37867
2004,M,4,38250
2004,M,5,39929
2004,M,6,40542
2004,M,7,41377
2004,M,8,42661
2004,M,9,42366
2004,M,10,43263
2004,M,11,43727
2004,M,12,45509
2004,M,13,46144
2004,M,14,46003
2004,M,15,45250
2004,M,16,45444
2004,M,17,43860
2004,M,18,43899
2004,M,19,43505
2004,M,20,44418
2004,M,21,43783
2004,M,22,44357
2004,M,23,44705
2004,M,24,44997
2004,M,25,44813
2004,M,26,45157
2004,M,27,46155
2004,M,28,46456
2004,M,29,47466
2004,M,30,49582
2004,M,31,50668
2004,M,32,52967
2004,M,33,55233
2004,M,34,56529
2004,M,35,58447
2004,M,36,60516
2004,M,37,61529
2004,M,38,63729
2004,M,39,64854
2004,M,40,66051
2004,M,41,64487
2004,M,42,62533
2004,M,43,60539
2004,M,44,59441
2004,M,45,58058
2004,M,46,56683
2004,M,47,55636
2004,M,48,54828
2004,M,49,52569
2004,M,50,50932
2004,M,51,49243
2004,M,52,49280
2004,M,53,47544
2004,M,54,49189
2004,M,55,48327
2004,M,56,48653
2004,M,57,47868
2004,M,58,47628
2004,M,59,45948
2004,M,60,44693
2004,M,61,42767
2004,M,62,40698
2004,M,63,37278
2004,M,64,33980
2004,M,65,32706
2004,M,66,31397
2004,M,67,29731
2004,M,68,29451
2004,M,69,28901
2004,M,70,27882
2004,M,71,26123
2004,M,72,25574
2004,M,73,24313
2004,M,74,23325
2004,M,75,21715
2004,M,76,20476
2004,M,77,19156
2004,M,78,18168
2004,M,79,17063
2004,M,80,15396
2004,M,81,14566
2004,M,82,12940
2004,M,83,12286
2004,M,84,10780
2004,M,85,8099
2004,M,86,6919
2004,M,87,5793
2004,M,88,5021
2004,M,89,4168
2004,M,90,3735
2004,M,91,2928
2004,M,92,2302
2004,M,93,1611
2004,M,94,1190
2004,M,95,846
2004,M,96,585
2004,M,97,359
2004,M,98,235
2004,M,99,340
2004,F,0,35586
2004,F,1,34908
2004,F,2,35387
2004,F,3,35606
2004,F,4,35953
2004,F,5,37653
2004,F,6,38396
2004,F,7,39089
2004,F,8,40357
2004,F,9,40177
2004,F,10,40975
2004,F,11,41501
2004,F,12,43450
2004,F,13,43463
2004,F,14,43461
2004,F,15,42880
2004,F,16,42958
2004,F,17,41558
2004,F,18,42024
2004,F,19,42261
2004,F,20,42477
2004,F,21,42681
2004,F,22,44259
2004,F,23,44237
2004,F,24,45437
2004,F,25,45403
2004,F,26,45597
2004,F,27,46681
2004,F,28,47593
2004,F,29,48306
2004,F,30,50158
2004,F,31,51336
2004,F,32,53413
2004,F,33,55971
2004,F,34,57024
2004,F,35,59396
2004,F,36,60882
2004,F,37,61883
2004,F,38,63284
2004,F,39,63580
2004,F,40,64674
2004,F,41,63460
2004,F,42,61482
2004,F,43,59921
2004,F,44,58627
2004,F,45,57351
2004,F,46,55189
2004,F,47,54573
2004,F,48,52957
2004,F,49,51458
2004,F,50,50689
2004,F,51,49362
2004,F,52,49376
2004,F,53,47371
2004,F,54,48651
2004,F,55,48300
2004,F,56,49093
2004,F,57,48030
2004,F,58,47812
2004,F,59,45502
2004,F,60,45179
2004,F,61,43835
2004,F,62,41818
2004,F,63,39397
2004,F,64,36796
2004,F,65,35833
2004,F,66,34827
2004,F,67,33426
2004,F,68,33915
2004,F,69,33477
2004,F,70,32824
2004,F,71,32111
2004,F,72,31632
2004,F,73,30867
2004,F,74,30920
2004,F,75,29919
2004,F,76,28943
2004,F,77,27609
2004,F,78,27413
2004,F,79,26497
2004,F,80,25489
2004,F,81,24051
2004,F,82,22394
2004,F,83,21964
2004,F,84,19652
2004,F,85,15666
2004,F,86,13676
2004,F,87,12368
2004,F,88,11047
2004,F,89,9764
2004,F,90,9414
2004,F,91,7752
2004,F,92,6513
2004,F,93,5112
2004,F,94,3969
2004,F,95,2868
2004,F,96,2162
2004,F,97,1480
2004,F,98,950
2004,F,99,1758
2005,M,0,37338
2005,M,1,37389
2005,M,2,37068
2005,M,3,37893
2005,M,4,38046
2005,M,5,38478
2005,M,6,40073
2005,M,7,40722
2005,M,8,41548
2005,M,9,42858
2005,M,10,42597
2005,M,11,43459
2005,M,12,43944
2005,M,13,45744
2005,M,14,46355
2005,M,15,46275
2005,M,16,45611
2005,M,17,45686
2005,M,18,44082
2005,M,19,44260
2005,M,20,43925
2005,M,21,44844
2005,M,22,44213
2005,M,23,45058
2005,M,24,45388
2005,M,25,45818
2005,M,26,45681
2005,M,27,46124
2005,M,28,47065
2005,M,29,47319
2005,M,30,48227
2005,M,31,50298
2005,M,32,51291
2005,M,33,53576
2005,M,34,55697
2005,M,35,56979
2005,M,36,58843
2005,M,37,60843
2005,M,38,61801
2005,M,39,64034
2005,M,40,65092
2005,M,41,66308
2005,M,42,64710
2005,M,43,62517
2005,M,44,60562
2005,M,45,59516
2005,M,46,58089
2005,M,47,56625
2005,M,48,55609
2005,M,49,54721
2005,M,50,52500
2005,M,51,50727
2005,M,52,49055
2005,M,53,49019
2005,M,54,47259
2005,M,55,48884
2005,M,56,47928
2005,M,57,48239
2005,M,58,47442
2005,M,59,47083
2005,M,60,45343
2005,M,61,44093
2005,M,62,42173
2005,M,63,40087
2005,M,64,36726
2005,M,65,33230
2005,M,66,32101
2005,M,67,30879
2005,M,68,29178
2005,M,69,28841
2005,M,70,28304
2005,M,71,27222
2005,M,72,25450
2005,M,73,24923
2005,M,74,23591
2005,M,75,22532
2005,M,76,20933
2005,M,77,19626
2005,M,78,18272
2005,M,79,17254
2005,M,80,16075
2005,M,81,14365
2005,M,82,13484
2005,M,83,11876
2005,M,84,11146
2005,M,85,9679
2005,M,86,7161
2005,M,87,6033
2005,M,88,5003
2005,M,89,4247
2005,M,90,3443
2005,M,91,3032
2005,M,92,2315
2005,M,93,1787
2005,M,94,1224
2005,M,95,878
2005,M,96,597
2005,M,97,411
2005,M,98,257
2005,M,99,396
2005,F,0,35207
2005,F,1,35628
2005,F,2,35099
2005,F,3,35587
2005,F,4,35789
2005,F,5,36122
2005,F,6,37804
2005,F,7,38543
2005,F,8,39255
2005,F,9,40528
2005,F,10,40307
2005,F,11,41164
2005,F,12,41653
2005,F,13,43651
2005,F,14,43671
2005,F,15,43677
2005,F,16,43240
2005,F,17,43225
2005,F,18,42040
2005,F,19,42719
2005,F,20,42911
2005,F,21,43095
2005,F,22,43374
2005,F,23,45074
2005,F,24,45026
2005,F,25,46364
2005,F,26,46505
2005,F,27,46543
2005,F,28,47578
2005,F,29,48426
2005,F,30,48974
2005,F,31,50835
2005,F,32,51866
2005,F,33,53990
2005,F,34,56386
2005,F,35,57289
2005,F,36,59766
2005,F,37,61199
2005,F,38,62080
2005,F,39,63404
2005,F,40,63762
2005,F,41,64783
2005,F,42,63632
2005,F,43,61529
2005,F,44,59985
2005,F,45,58674
2005,F,46,57421
2005,F,47,55179
2005,F,48,54488
2005,F,49,52792
2005,F,50,51345
2005,F,51,50531
2005,F,52,49239
2005,F,53,49206
2005,F,54,47206
2005,F,55,48434
2005,F,56,48076
2005,F,57,48819
2005,F,58,47728
2005,F,59,47481
2005,F,60,45156
2005,F,61,44845
2005,F,62,43482
2005,F,63,41480
2005,F,64,39039
2005,F,65,36429
2005,F,66,35506
2005,F,67,34545
2005,F,68,33140
2005,F,69,33588
2005,F,70,33114
2005,F,71,32447
2005,F,72,31717
2005,F,73,31204
2005,F,74,30412
2005,F,75,30373
2005,F,76,29326
2005,F,77,28298
2005,F,78,26945
2005,F,79,26657
2005,F,80,25575
2005,F,81,24464
2005,F,82,22956
2005,F,83,21183
2005,F,84,20664
2005,F,85,18294
2005,F,86,14404
2005,F,87,12403
2005,F,88,11119
2005,F,89,9740
2005,F,90,8463
2005,F,91,8001
2005,F,92,6463
2005,F,93,5293
2005,F,94,4133
2005,F,95,3068
2005,F,96,2188
2005,F,97,1611
2005,F,98,1085
2005,F,99,1912
2006,M,0,37576
2006,M,1,37557
2006,M,2,37644
2006,M,3,37267
2006,M,4,38124
2006,M,5,38309
2006,M,6,38718
2006,M,7,40271
2006,M,8,40911
2006,M,9,41800
2006,M,10,43099
2006,M,11,42835
2006,M,12,43657
2006,M,13,44202
2006,M,14,46024
2006,M,15,46675
2006,M,16,46619
2006,M,17,45850
2006,M,18,45957
2006,M,19,44361
2006,M,20,44688
2006,M,21,44303
2006,M,22,45314
2006,M,23,44772
2006,M,24,45821
2006,M,25,46150
2006,M,26,46705
2006,M,27,46641
2006,M,28,47121
2006,M,29,47927
2006,M,30,48128
2006,M,31,49074
2006,M,32,51049
2006,M,33,51957
2006,M,34,54217
2006,M,35,56238
2006,M,36,57488
2006,M,37,59289
2006,M,38,61218
2006,M,39,62193
2006,M,40,64323
2006,M,41,65318
2006,M,42,66618
2006,M,43,64896
2006,M,44,62714
2006,M,45,60621
2006,M,46,59601
2006,M,47,58154
2006,M,48,56611
2006,M,49,55523
2006,M,50,54658
2006,M,51,52310
2006,M,52,50529
2006,M,53,48868
2006,M,54,48757
2006,M,55,46983
2006,M,56,48461
2006,M,57,47481
2006,M,58,47777
2006,M,59,46967
2006,M,60,46403
2006,M,61,44769
2006,M,62,43486
2006,M,63,41577
2006,M,64,39561
2006,M,65,36045
2006,M,66,32618
2006,M,67,31573
2006,M,68,30340
2006,M,69,28658
2006,M,70,28252
2006,M,71,27704
2006,M,72,26604
2006,M,73,24807
2006,M,74,24226
2006,M,75,22802
2006,M,76,21759
2006,M,77,20075
2006,M,78,18750
2006,M,79,17345
2006,M,80,16315
2006,M,81,15057
2006,M,82,13301
2006,M,83,12406
2006,M,84,10881
2006,M,85,10072
2006,M,86,8643
2006,M,87,6220
2006,M,88,5179
2006,M,89,4239
2006,M,90,3552
2006,M,91,2773
2006,M,92,2473
2006,M,93,1828
2006,M,94,1366
2006,M,95,938
2006,M,96,634
2006,M,97,437
2006,M,98,300
2006,M,99,472
2006,F,0,35467
2006,F,1,35447
2006,F,2,35923
2006,F,3,35262
2006,F,4,35766
2006,F,5,35934
2006,F,6,36316
2006,F,7,38045
2006,F,8,38759
2006,F,9,39454
2006,F,10,40703
2006,F,11,40458
2006,F,12,41371
2006,F,13,41882
2006,F,14,43889
2006,F,15,43948
2006,F,16,44006
2006,F,17,43433
2006,F,18,43666
2006,F,19,42654
2006,F,20,43461
2006,F,21,43555
2006,F,22,43758
2006,F,23,44181
2006,F,24,45843
2006,F,25,46013
2006,F,26,47358
2006,F,27,47561
2006,F,28,47735
2006,F,29,48559
2006,F,30,49326
2006,F,31,49820
2006,F,32,51413
2006,F,33,52368
2006,F,34,54416
2006,F,35,56820
2006,F,36,57601
2006,F,37,60073
2006,F,38,61381
2006,F,39,62270
2006,F,40,63619
2006,F,41,63927
2006,F,42,64888
2006,F,43,63731
2006,F,44,61651
2006,F,45,60082
2006,F,46,58704
2006,F,47,57411
2006,F,48,55180
2006,F,49,54449
2006,F,50,52681
2006,F,51,51217
2006,F,52,50388
2006,F,53,49009
2006,F,54,49017
2006,F,55,46976
2006,F,56,48129
2006,F,57,47777
2006,F,58,48478
2006,F,59,47406
2006,F,60,47168
2006,F,61,44873
2006,F,62,44503
2006,F,63,43138
2006,F,64,41065
2006,F,65,38726
2006,F,66,36145
2006,F,67,35249
2006,F,68,34209
2006,F,69,32808
2006,F,70,33234
2006,F,71,32738
2006,F,72,32047
2006,F,73,31253
2006,F,74,30722
2006,F,75,29894
2006,F,76,29768
2006,F,77,28635
2006,F,78,27601
2006,F,79,26163
2006,F,80,25815
2006,F,81,24656
2006,F,82,23478
2006,F,83,21844
2006,F,84,19955
2006,F,85,19191
2006,F,86,16927
2006,F,87,13121
2006,F,88,11139
2006,F,89,9846
2006,F,90,8460
2006,F,91,7256
2006,F,92,6701
2006,F,93,5338
2006,F,94,4302
2006,F,95,3260
2006,F,96,2400
2006,F,97,1678
2006,F,98,1216
2006,F,99,2243
2007,M,0,38092
2007,M,1,37718
2007,M,2,38092
2007,M,3,38127
2007,M,4,37680
2007,M,5,38526
2007,M,6,38690
2007,M,7,39144
2007,M,8,40633
2007,M,9,41269
2007,M,10,42130
2007,M,11,43461
2007,M,12,43165
2007,M,13,44018
2007,M,14,44598
2007,M,15,46431
2007,M,16,47057
2007,M,17,47014
2007,M,18,46260
2007,M,19,46543
2007,M,20,45083
2007,M,21,45469
2007,M,22,45171
2007,M,23,46532
2007,M,24,46057
2007,M,25,47405
2007,M,26,47888
2007,M,27,48786
2007,M,28,48435
2007,M,29,48887
2007,M,30,49613
2007,M,31,49736
2007,M,32,50553
2007,M,33,52446
2007,M,34,53182
2007,M,35,55318
2007,M,36,57238
2007,M,37,58481
2007,M,38,60197
2007,M,39,62084
2007,M,40,62955
2007,M,41,65176
2007,M,42,65926
2007,M,43,67274
2007,M,44,65400
2007,M,45,63234
2007,M,46,61115
2007,M,47,59887
2007,M,48,58322
2007,M,49,56730
2007,M,50,55515
2007,M,51,54654
2007,M,52,52229
2007,M,53,50449
2007,M,54,48611
2007,M,55,48461
2007,M,56,46723
2007,M,57,48132
2007,M,58,47060
2007,M,59,47316
2007,M,60,46407
2007,M,61,45882
2007,M,62,44132
2007,M,63,42906
2007,M,64,41024
2007,M,65,38784
2007,M,66,35460
2007,M,67,32113
2007,M,68,31023
2007,M,69,29816
2007,M,70,28115
2007,M,71,27670
2007,M,72,27010
2007,M,73,25983
2007,M,74,24117
2007,M,75,23526
2007,M,76,22037
2007,M,77,20961
2007,M,78,19264
2007,M,79,17845
2007,M,80,16342
2007,M,81,15339
2007,M,82,14041
2007,M,83,12291
2007,M,84,11320
2007,M,85,9854
2007,M,86,8952
2007,M,87,7539
2007,M,88,5372
2007,M,89,4398
2007,M,90,3527
2007,M,91,2864
2007,M,92,2207
2007,M,93,1973
2007,M,94,1416
2007,M,95,1047
2007,M,96,703
2007,M,97,473
2007,M,98,339
2007,M,99,564
2007,F,0,36183
2007,F,1,35461
2007,F,2,35917
2007,F,3,36290
2007,F,4,35647
2007,F,5,36124
2007,F,6,36213
2007,F,7,36677
2007,F,8,38400
2007,F,9,39081
2007,F,10,39775
2007,F,11,40970
2007,F,12,40830
2007,F,13,41641
2007,F,14,42214
2007,F,15,44210
2007,F,16,44323
2007,F,17,44315
2007,F,18,43929
2007,F,19,44538
2007,F,20,43643
2007,F,21,44418
2007,F,22,44645
2007,F,23,45121
2007,F,24,45610
2007,F,25,47445
2007,F,26,47728
2007,F,27,49103
2007,F,28,49216
2007,F,29,49266
2007,F,30,49985
2007,F,31,50524
2007,F,32,51018
2007,F,33,52387
2007,F,34,53266
2007,F,35,55071
2007,F,36,57590
2007,F,37,58223
2007,F,38,60691
2007,F,39,61959
2007,F,40,62732
2007,F,41,64029
2007,F,42,64307
2007,F,43,65336
2007,F,44,64057
2007,F,45,61851
2007,F,46,60270
2007,F,47,58867
2007,F,48,57531
2007,F,49,55246
2007,F,50,54419
2007,F,51,52611
2007,F,52,51070
2007,F,53,50244
2007,F,54,48901
2007,F,55,48742
2007,F,56,46761
2007,F,57,47850
2007,F,58,47501
2007,F,59,48163
2007,F,60,47082
2007,F,61,46893
2007,F,62,44533
2007,F,63,44176
2007,F,64,42786
2007,F,65,40723
2007,F,66,38450
2007,F,67,35846
2007,F,68,34935
2007,F,69,33894
2007,F,70,32497
2007,F,71,32835
2007,F,72,32338
2007,F,73,31593
2007,F,74,30762
2007,F,75,30235
2007,F,76,29321
2007,F,77,29118
2007,F,78,27994
2007,F,79,26804
2007,F,80,25355
2007,F,81,24868
2007,F,82,23538
2007,F,83,22279
2007,F,84,20609
2007,F,85,18679
2007,F,86,17758
2007,F,87,15443
2007,F,88,11807
2007,F,89,9917
2007,F,90,8575
2007,F,91,7222
2007,F,92,6130
2007,F,93,5512
2007,F,94,4288
2007,F,95,3368
2007,F,96,2527
2007,F,97,1841
2007,F,98,1248
2007,F,99,2566
2008,M,0,39355
2008,M,1,38536
2008,M,2,38356
2008,M,3,38665
2008,M,4,38669
2008,M,5,38137
2008,M,6,38978
2008,M,7,39186
2008,M,8,39601
2008,M,9,41111
2008,M,10,41775
2008,M,11,42564
2008,M,12,43916
2008,M,13,43613
2008,M,14,44559
2008,M,15,45104
2008,M,16,46898
2008,M,17,47497
2008,M,18,47510
2008,M,19,46922
2008,M,20,47432
2008,M,21,46076
2008,M,22,46527
2008,M,23,46678
2008,M,24,48259
2008,M,25,47840
2008,M,26,49431
2008,M,27,50142
2008,M,28,50996
2008,M,29,50536
2008,M,30,50880
2008,M,31,51334
2008,M,32,51350
2008,M,33,52119
2008,M,34,53890
2008,M,35,54418
2008,M,36,56559
2008,M,37,58393
2008,M,38,59600
2008,M,39,61313
2008,M,40,63104
2008,M,41,63876
2008,M,42,65991
2008,M,43,66762
2008,M,44,67961
2008,M,45,66051
2008,M,46,63860
2008,M,47,61593
2008,M,48,60283
2008,M,49,58634
2008,M,50,56984
2008,M,51,55815
2008,M,52,54784
2008,M,53,52288
2008,M,54,50473
2008,M,55,48567
2008,M,56,48333
2008,M,57,46569
2008,M,58,47873
2008,M,59,46752
2008,M,60,46861
2008,M,61,46048
2008,M,62,45416
2008,M,63,43588
2008,M,64,42352
2008,M,65,40289
2008,M,66,38208
2008,M,67,34906
2008,M,68,31557
2008,M,69,30475
2008,M,70,29276
2008,M,71,27541
2008,M,72,27065
2008,M,73,26395
2008,M,74,25270
2008,M,75,23413
2008,M,76,22734
2008,M,77,21189
2008,M,78,20143
2008,M,79,18385
2008,M,80,16954
2008,M,81,15369
2008,M,82,14280
2008,M,83,12992
2008,M,84,11244
2008,M,85,10201
2008,M,86,8789
2008,M,87,7900
2008,M,88,6518
2008,M,89,4574
2008,M,90,3621
2008,M,91,2879
2008,M,92,2286
2008,M,93,1735
2008,M,94,1520
2008,M,95,1080
2008,M,96,790
2008,M,97,529
2008,M,98,347
2008,M,99,678
2008,F,0,36961
2008,F,1,36733
2008,F,2,36150
2008,F,3,36379
2008,F,4,36763
2008,F,5,36152
2008,F,6,36555
2008,F,7,36667
2008,F,8,37135
2008,F,9,38889
2008,F,10,39496
2008,F,11,40178
2008,F,12,41400
2008,F,13,41288
2008,F,14,41977
2008,F,15,42539
2008,F,16,44651
2008,F,17,44711
2008,F,18,44947
2008,F,19,44854
2008,F,20,45760
2008,F,21,44705
2008,F,22,45701
2008,F,23,46145
2008,F,24,46876
2008,F,25,47371
2008,F,26,49476
2008,F,27,49978
2008,F,28,51117
2008,F,29,50999
2008,F,30,50852
2008,F,31,51500
2008,F,32,51976
2008,F,33,52268
2008,F,34,53455
2008,F,35,54264
2008,F,36,55980
2008,F,37,58488
2008,F,38,59081
2008,F,39,61331
2008,F,40,62674
2008,F,41,63435
2008,F,42,64641
2008,F,43,64770
2008,F,44,65858
2008,F,45,64492
2008,F,46,62235
2008,F,47,60648
2008,F,48,59205
2008,F,49,57755
2008,F,50,55406
2008,F,51,54529
2008,F,52,52692
2008,F,53,51150
2008,F,54,50242
2008,F,55,48767
2008,F,56,48705
2008,F,57,46628
2008,F,58,47650
2008,F,59,47272
2008,F,60,47892
2008,F,61,46824
2008,F,62,46566
2008,F,63,44241
2008,F,64,43843
2008,F,65,42487
2008,F,66,40415
2008,F,67,38177
2008,F,68,35555
2008,F,69,34622
2008,F,70,33574
2008,F,71,32142
2008,F,72,32462
2008,F,73,31935
2008,F,74,31137
2008,F,75,30229
2008,F,76,29669
2008,F,77,28704
2008,F,78,28504
2008,F,79,27255
2008,F,80,25953
2008,F,81,24461
2008,F,82,23822
2008,F,83,22455
2008,F,84,21002
2008,F,85,19162
2008,F,86,17316
2008,F,87,16216
2008,F,88,13908
2008,F,89,10534
2008,F,90,8598
2008,F,91,7359
2008,F,92,6062
2008,F,93,4984
2008,F,94,4458
2008,F,95,3407
2008,F,96,2585
2008,F,97,1895
2008,F,98,1384
2008,F,99,2885
2009,M,0,40147
2009,M,1,39763
2009,M,2,39103
2009,M,3,38702
2009,M,4,39086
2009,M,5,39064
2009,M,6,38503
2009,M,7,39322
2009,M,8,39524
2009,M,9,39993
2009,M,10,41447
2009,M,11,42217
2009,M,12,42923
2009,M,13,44258
2009,M,14,44013
2009,M,15,44951
2009,M,16,45445
2009,M,17,47264
2009,M,18,47921
2009,M,19,48008
2009,M,20,47575
2009,M,21,48093
2009,M,22,46769
2009,M,23,47600
2009,M,24,47861
2009,M,25,49568
2009,M,26,49303
2009,M,27,50989
2009,M,28,51658
2009,M,29,52525
2009,M,30,51859
2009,M,31,52022
2009,M,32,52584
2009,M,33,52358
2009,M,34,53084
2009,M,35,54719
2009,M,36,55111
2009,M,37,57338
2009,M,38,59045
2009,M,39,60227
2009,M,40,61842
2009,M,41,63642
2009,M,42,64282
2009,M,43,66489
2009,M,44,67171
2009,M,45,68381
2009,M,46,66445
2009,M,47,64091
2009,M,48,61853
2009,M,49,60392
2009,M,50,58720
2009,M,51,57022
2009,M,52,55754
2009,M,53,54712
2009,M,54,52149
2009,M,55,50278
2009,M,56,48431
2009,M,57,48120
2009,M,58,46330
2009,M,59,47539
2009,M,60,46244
2009,M,61,46398
2009,M,62,45600
2009,M,63,44877
2009,M,64,43037
2009,M,65,41583
2009,M,66,39688
2009,M,67,37620
2009,M,68,34377
2009,M,69,30986
2009,M,70,29917
2009,M,71,28678
2009,M,72,26949
2009,M,73,26393
2009,M,74,25692
2009,M,75,24547
2009,M,76,22622
2009,M,77,21865
2009,M,78,20312
2009,M,79,19288
2009,M,80,17411
2009,M,81,15949
2009,M,82,14327
2009,M,83,13203
2009,M,84,11923
2009,M,85,10189
2009,M,86,9108
2009,M,87,7756
2009,M,88,6831
2009,M,89,5557
2009,M,90,3812
2009,M,91,2937
2009,M,92,2291
2009,M,93,1841
2009,M,94,1362
2009,M,95,1193
2009,M,96,811
2009,M,97,596
2009,M,98,390
2009,M,99,821
2009,F,0,37639
2009,F,1,37310
2009,F,2,37211
2009,F,3,36531
2009,F,4,36678
2009,F,5,37106
2009,F,6,36496
2009,F,7,36873
2009,F,8,37010
2009,F,9,37485
2009,F,10,39219
2009,F,11,39830
2009,F,12,40503
2009,F,13,41689
2009,F,14,41576
2009,F,15,42239
2009,F,16,42919
2009,F,17,44982
2009,F,18,45329
2009,F,19,45846
2009,F,20,45895
2009,F,21,46669
2009,F,22,45758
2009,F,23,47096
2009,F,24,47555
2009,F,25,48448
2009,F,26,49084
2009,F,27,51265
2009,F,28,51685
2009,F,29,52654
2009,F,30,52419
2009,F,31,52077
2009,F,32,52656
2009,F,33,52958
2009,F,34,53166
2009,F,35,54300
2009,F,36,54933
2009,F,37,56611
2009,F,38,59041
2009,F,39,59618
2009,F,40,61805
2009,F,41,63169
2009,F,42,63893
2009,F,43,65047
2009,F,44,65159
2009,F,45,66245
2009,F,46,64817
2009,F,47,62442
2009,F,48,60899
2009,F,49,59328
2009,F,50,57869
2009,F,51,55449
2009,F,52,54598
2009,F,53,52677
2009,F,54,51102
2009,F,55,50103
2009,F,56,48600
2009,F,57,48540
2009,F,58,46437
2009,F,59,47462
2009,F,60,46993
2009,F,61,47648
2009,F,62,46546
2009,F,63,46249
2009,F,64,43938
2009,F,65,43527
2009,F,66,42151
2009,F,67,40007
2009,F,68,37845
2009,F,69,35269
2009,F,70,34277
2009,F,71,33210
2009,F,72,31745
2009,F,73,31990
2009,F,74,31449
2009,F,75,30594
2009,F,76,29623
2009,F,77,29033
2009,F,78,28052
2009,F,79,27798
2009,F,80,26404
2009,F,81,25041
2009,F,82,23462
2009,F,83,22669
2009,F,84,21196
2009,F,85,19632
2009,F,86,17785
2009,F,87,15814
2009,F,88,14589
2009,F,89,12349
2009,F,90,9157
2009,F,91,7320
2009,F,92,6152
2009,F,93,4947
2009,F,94,3948
2009,F,95,3513
2009,F,96,2624
2009,F,97,1962
2009,F,98,1421
2009,F,99,3311
2010,M,0,39948
2010,M,1,40911
2010,M,2,40657
2010,M,3,39776
2010,M,4,39466
2010,M,5,39510
2010,M,6,39273
2010,M,7,38709
2010,M,8,39436
2010,M,9,39684
2010,M,10,42141
2010,M,11,41730
2010,M,12,42540
2010,M,13,43097
2010,M,14,44428
2010,M,15,44190
2010,M,16,45062
2010,M,17,45704
2010,M,18,47679
2010,M,19,48744
2010,M,20,48995
2010,M,21,48855
2010,M,22,49540
2010,M,23,48726
2010,M,24,50037
2010,M,25,50602
2010,M,26,52214
2010,M,27,52423
2010,M,28,53913
2010,M,29,54364
2010,M,30,55180
2010,M,31,53599
2010,M,32,53254
2010,M,33,53581
2010,M,34,53024
2010,M,35,53201
2010,M,36,54955
2010,M,37,55264
2010,M,38,57475
2010,M,39,59191
2010,M,40,60380
2010,M,41,62060
2010,M,42,64002
2010,M,43,64688
2010,M,44,66958
2010,M,45,67773
2010,M,46,68756
2010,M,47,66710
2010,M,48,64411
2010,M,49,62096
2010,M,50,60644
2010,M,51,58787
2010,M,52,57107
2010,M,53,55623
2010,M,54,54523
2010,M,55,51918
2010,M,56,50006
2010,M,57,48045
2010,M,58,47674
2010,M,59,45831
2010,M,60,46799
2010,M,61,45495
2010,M,62,45646
2010,M,63,44763
2010,M,64,44112
2010,M,65,42111
2010,M,66,40694
2010,M,67,38745
2010,M,68,36771
2010,M,69,33590
2010,M,70,30225
2010,M,71,29190
2010,M,72,27838
2010,M,73,26272
2010,M,74,25583
2010,M,75,24875
2010,M,76,23648
2010,M,77,21711
2010,M,78,20849
2010,M,79,19347
2010,M,80,18194
2010,M,81,16295
2010,M,82,14861
2010,M,83,13206
2010,M,84,12064
2010,M,85,10698
2010,M,86,9087
2010,M,87,7901
2010,M,88,6628
2010,M,89,5677
2010,M,90,4528
2010,M,91,3034
2010,M,92,2222
2010,M,93,1678
2010,M,94,1260
2010,M,95,885
2010,M,96,734
2010,M,97,458
2010,M,98,298
2010,M,99,384
2010,F,0,38083
2010,F,1,38440
2010,F,2,38136
2010,F,3,37932
2010,F,4,37280
2010,F,5,37264
2010,F,6,37670
2010,F,7,36915
2010,F,8,37201
2010,F,9,37392
2010,F,10,39722
2010,F,11,39822
2010,F,12,40338
2010,F,13,41066
2010,F,14,42249
2010,F,15,42144
2010,F,16,42685
2010,F,17,43380
2010,F,18,45604
2010,F,19,46427
2010,F,20,47151
2010,F,21,47061
2010,F,22,48150
2010,F,23,47603
2010,F,24,48863
2010,F,25,49666
2010,F,26,50680
2010,F,27,51139
2010,F,28,53139
2010,F,29,53212
2010,F,30,53953
2010,F,31,53315
2010,F,32,52681
2010,F,33,52948
2010,F,34,53273
2010,F,35,53117
2010,F,36,54477
2010,F,37,55129
2010,F,38,56806
2010,F,39,59304
2010,F,40,60128
2010,F,41,62263
2010,F,42,63705
2010,F,43,64404
2010,F,44,65484
2010,F,45,65514
2010,F,46,66769
2010,F,47,65175
2010,F,48,62720
2010,F,49,60991
2010,F,50,59403
2010,F,51,57878
2010,F,52,55471
2010,F,53,54352
2010,F,54,52523
2010,F,55,50890
2010,F,56,49810
2010,F,57,48426
2010,F,58,48133
2010,F,59,46103
2010,F,60,47166
2010,F,61,46618
2010,F,62,47205
2010,F,63,46116
2010,F,64,45891
2010,F,65,43451
2010,F,66,43078
2010,F,67,41714
2010,F,68,39646
2010,F,69,37442
2010,F,70,34885
2010,F,71,33881
2010,F,72,32758
2010,F,73,31291
2010,F,74,31525
2010,F,75,30956
2010,F,76,30018
2010,F,77,29030
2010,F,78,28362
2010,F,79,27262
2010,F,80,26940
2010,F,81,25403
2010,F,82,23912
2010,F,83,22236
2010,F,84,21268
2010,F,85,19721
2010,F,86,18024
2010,F,87,16117
2010,F,88,14105
2010,F,89,12764
2010,F,90,10517
2010,F,91,7535
2010,F,92,5867
2010,F,93,4862
2010,F,94,3742
2010,F,95,2880
2010,F,96,2337
2010,F,97,1656
2010,F,98,1115
2010,F,99,1853
2011,M,0,40424
2011,M,1,41745
2011,M,2,41307
2011,M,3,41004
2011,M,4,40080
2011,M,5,39825
2011,M,6,39869
2011,M,7,39534
2011,M,8,39045
2011,M,9,39718
2011,M,10,39967
2011,M,11,42481
2011,M,12,42071
2011,M,13,42829
2011,M,14,43515
2011,M,15,44730
2011,M,16,44502
2011,M,17,45380
2011,M,18,46350
2011,M,19,48513
2011,M,20,49450
2011,M,21,49672
2011,M,22,49710
2011,M,23,50749
2011,M,24,50089
2011,M,25,51542
2011,M,26,52119
2011,M,27,53876
2011,M,28,53865
2011,M,29,55260
2011,M,30,55618
2011,M,31,56338
2011,M,32,54622
2011,M,33,54319
2011,M,34,54468
2011,M,35,53863
2011,M,36,54093
2011,M,37,55762
2011,M,38,55962
2011,M,39,58067
2011,M,40,59871
2011,M,41,61028
2011,M,42,62625
2011,M,43,64485
2011,M,44,65177
2011,M,45,67289
2011,M,46,68102
2011,M,47,69014
2011,M,48,66946
2011,M,49,64501
2011,M,50,62209
2011,M,51,60678
2011,M,52,58833
2011,M,53,57032
2011,M,54,55505
2011,M,55,54269
2011,M,56,51728
2011,M,57,49757
2011,M,58,47756
2011,M,59,47316
2011,M,60,45247
2011,M,61,46264
2011,M,62,44964
2011,M,63,45101
2011,M,64,44125
2011,M,65,43272
2011,M,66,41371
2011,M,67,40064
2011,M,68,38122
2011,M,69,36171
2011,M,70,32994
2011,M,71,29658
2011,M,72,28604
2011,M,73,27208
2011,M,74,25577
2011,M,75,24863
2011,M,76,24088
2011,M,77,22776
2011,M,78,20865
2011,M,79,19938
2011,M,80,18379
2011,M,81,17161
2011,M,82,15245
2011,M,83,13799
2011,M,84,12158
2011,M,85,10937
2011,M,86,9592
2011,M,87,8035
2011,M,88,6850
2011,M,89,5672
2011,M,90,4733
2011,M,91,3716
2011,M,92,2445
2011,M,93,1715
2011,M,94,1284
2011,M,95,921
2011,M,96,629
2011,M,97,523
2011,M,98,321
2011,M,99,412
2011,F,0,38002
2011,F,1,39918
2011,F,2,38889
2011,F,3,38518
2011,F,4,38208
2011,F,5,37604
2011,F,6,37581
2011,F,7,37924
2011,F,8,37225
2011,F,9,37538
2011,F,10,37683
2011,F,11,40066
2011,F,12,40128
2011,F,13,40599
2011,F,14,41352
2011,F,15,42535
2011,F,16,42434
2011,F,17,42921
2011,F,18,44028
2011,F,19,46501
2011,F,20,47400
2011,F,21,48114
2011,F,22,48060
2011,F,23,49396
2011,F,24,48962
2011,F,25,50287
2011,F,26,51291
2011,F,27,52367
2011,F,28,52673
2011,F,29,54524
2011,F,30,54558
2011,F,31,55120
2011,F,32,54343
2011,F,33,53574
2011,F,34,53858
2011,F,35,54119
2011,F,36,53805
2011,F,37,55203
2011,F,38,55677
2011,F,39,57339
2011,F,40,59771
2011,F,41,60630
2011,F,42,62590
2011,F,43,64059
2011,F,44,64704
2011,F,45,65759
2011,F,46,65719
2011,F,47,66983
2011,F,48,65310
2011,F,49,62884
2011,F,50,61080
2011,F,51,59469
2011,F,52,57870
2011,F,53,55417
2011,F,54,54264
2011,F,55,52411
2011,F,56,50726
2011,F,57,49634
2011,F,58,48178
2011,F,59,47921
2011,F,60,45853
2011,F,61,46894
2011,F,62,46288
2011,F,63,46864
2011,F,64,45753
2011,F,65,45495
2011,F,66,43095
2011,F,67,42751
2011,F,68,41370
2011,F,69,39298
2011,F,70,37115
2011,F,71,34507
2011,F,72,33533
2011,F,73,32355
2011,F,74,30899
2011,F,75,31019
2011,F,76,30404
2011,F,77,29429
2011,F,78,28401
2011,F,79,27624
2011,F,80,26422
2011,F,81,26040
2011,F,82,24433
2011,F,83,22764
2011,F,84,21083
2011,F,85,19921
2011,F,86,18291
2011,F,87,16490
2011,F,88,14582
2011,F,89,12654
2011,F,90,11159
2011,F,91,8957
2011,F,92,6337
2011,F,93,4826
2011,F,94,3886
2011,F,95,2960
2011,F,96,2174
2011,F,97,1696
2011,F,98,1163
2011,F,99,1921
2012,M,0,41132
2012,M,1,41786
2012,M,2,42195
2012,M,3,41610
2012,M,4,41384
2012,M,5,40468
2012,M,6,40138
2012,M,7,40145
2012,M,8,39859
2012,M,9,39348
2012,M,10,40006
2012,M,11,40308
2012,M,12,42788
2012,M,13,42374
2012,M,14,43148
2012,M,15,43821
2012,M,16,45074
2012,M,17,44858
2012,M,18,46009
2012,M,19,47154
2012,M,20,49168
2012,M,21,50238
2012,M,22,50625
2012,M,23,50863
2012,M,24,52337
2012,M,25,51601
2012,M,26,53108
2012,M,27,53787
2012,M,28,55381
2012,M,29,55263
2012,M,30,56630
2012,M,31,56765
2012,M,32,57549
2012,M,33,55732
2012,M,34,55285
2012,M,35,55368
2012,M,36,54799
2012,M,37,54856
2012,M,38,56475
2012,M,39,56691
2012,M,40,58704
2012,M,41,60532
2012,M,42,61643
2012,M,43,63205
2012,M,44,64985
2012,M,45,65593
2012,M,46,67638
2012,M,47,68331
2012,M,48,69329
2012,M,49,67181
2012,M,50,64694
2012,M,51,62236
2012,M,52,60671
2012,M,53,58765
2012,M,54,56933
2012,M,55,55372
2012,M,56,54030
2012,M,57,51501
2012,M,58,49410
2012,M,59,47401
2012,M,60,46713
2012,M,61,44768
2012,M,62,45726
2012,M,63,44312
2012,M,64,44470
2012,M,65,43264
2012,M,66,42565
2012,M,67,40746
2012,M,68,39475
2012,M,69,37489
2012,M,70,35525
2012,M,71,32358
2012,M,72,29101
2012,M,73,27983
2012,M,74,26542
2012,M,75,24939
2012,M,76,24103
2012,M,77,23293
2012,M,78,21882
2012,M,79,19967
2012,M,80,18971
2012,M,81,17401
2012,M,82,16088
2012,M,83,14212
2012,M,84,12710
2012,M,85,11072
2012,M,86,9802
2012,M,87,8496
2012,M,88,6983
2012,M,89,5869
2012,M,90,4723
2012,M,91,3885
2012,M,92,2914
2012,M,93,1870
2012,M,94,1283
2012,M,95,921
2012,M,96,642
2012,M,97,415
2012,M,98,319
2012,M,99,447
2012,F,0,38489
2012,F,1,39399
2012,F,2,40365
2012,F,3,39290
2012,F,4,38799
2012,F,5,38512
2012,F,6,37989
2012,F,7,37878
2012,F,8,38225
2012,F,9,37500
2012,F,10,37816
2012,F,11,38017
2012,F,12,40306
2012,F,13,40381
2012,F,14,40948
2012,F,15,41674
2012,F,16,42833
2012,F,17,42705
2012,F,18,43648
2012,F,19,44928
2012,F,20,47366
2012,F,21,48286
2012,F,22,49079
2012,F,23,49307
2012,F,24,50819
2012,F,25,50334
2012,F,26,52056
2012,F,27,52940
2012,F,28,53837
2012,F,29,53951
2012,F,30,55733
2012,F,31,55760
2012,F,32,56053
2012,F,33,55159
2012,F,34,54495
2012,F,35,54634
2012,F,36,54825
2012,F,37,54469
2012,F,38,55759
2012,F,39,56210
2012,F,40,57761
2012,F,41,60199
2012,F,42,61034
2012,F,43,63031
2012,F,44,64397
2012,F,45,65044
2012,F,46,66043
2012,F,47,65976
2012,F,48,67141
2012,F,49,65433
2012,F,50,62936
2012,F,51,61118
2012,F,52,59457
2012,F,53,57851
2012,F,54,55337
2012,F,55,54169
2012,F,56,52254
2012,F,57,50552
2012,F,58,49403
2012,F,59,48028
2012,F,60,47633
2012,F,61,45600
2012,F,62,46605
2012,F,63,45973
2012,F,64,46424
2012,F,65,45347
2012,F,66,45153
2012,F,67,42742
2012,F,68,42406
2012,F,69,40978
2012,F,70,38896
2012,F,71,36782
2012,F,72,34135
2012,F,73,33105
2012,F,74,31929
2012,F,75,30460
2012,F,76,30503
2012,F,77,29809
2012,F,78,28806
2012,F,79,27672
2012,F,80,26831
2012,F,81,25503
2012,F,82,25003
2012,F,83,23207
2012,F,84,21518
2012,F,85,19741
2012,F,86,18459
2012,F,87,16705
2012,F,88,14929
2012,F,89,12946
2012,F,90,10994
2012,F,91,9526
2012,F,92,7485
2012,F,93,5156
2012,F,94,3842
2012,F,95,2970
2012,F,96,2183
2012,F,97,1547
2012,F,98,1181
2012,F,99,1914
2013,M,0,41914
2013,M,1,42793
2013,M,2,42281
2013,M,3,42603
2013,M,4,42055
2013,M,5,41913
2013,M,6,40891
2013,M,7,40599
2013,M,8,40579
2013,M,9,40248
2013,M,10,39721
2013,M,11,40429
2013,M,12,40679
2013,M,13,43225
2013,M,14,42792
2013,M,15,43563
2013,M,16,44306
2013,M,17,45580
2013,M,18,45801
2013,M,19,47051
2013,M,20,48006
2013,M,21,49977
2013,M,22,51220
2013,M,23,51983
2013,M,24,52388
2013,M,25,53936
2013,M,26,53407
2013,M,27,54906
2013,M,28,55361
2013,M,29,56912
2013,M,30,56719
2013,M,31,57990
2013,M,32,58017
2013,M,33,58719
2013,M,34,56700
2013,M,35,56263
2013,M,36,56446
2013,M,37,55749
2013,M,38,55644
2013,M,39,57234
2013,M,40,57489
2013,M,41,59540
2013,M,42,61249
2013,M,43,62354
2013,M,44,63837
2013,M,45,65459
2013,M,46,66226
2013,M,47,68097
2013,M,48,68681
2013,M,49,69624
2013,M,50,67418
2013,M,51,64866
2013,M,52,62388
2013,M,53,60729
2013,M,54,58707
2013,M,55,56820
2013,M,56,55266
2013,M,57,53796
2013,M,58,51143
2013,M,59,49100
2013,M,60,46886
2013,M,61,46243
2013,M,62,44252
2013,M,63,45156
2013,M,64,43713
2013,M,65,43572
2013,M,66,42563
2013,M,67,42018
2013,M,68,40145
2013,M,69,38860
2013,M,70,36839
2013,M,71,34899
2013,M,72,31760
2013,M,73,28407
2013,M,74,27274
2013,M,75,25848
2013,M,76,24227
2013,M,77,23364
2013,M,78,22435
2013,M,79,21017
2013,M,80,19057
2013,M,81,17970
2013,M,82,16373
2013,M,83,14928
2013,M,84,13036
2013,M,85,11596
2013,M,86,9897
2013,M,87,8722
2013,M,88,7412
2013,M,89,5986
2013,M,90,4943
2013,M,91,3847
2013,M,92,3092
2013,M,93,2231
2013,M,94,1383
2013,M,95,919
2013,M,96,654
2013,M,97,421
2013,M,98,275
2013,M,99,482
2013,F,0,39495
2013,F,1,40057
2013,F,2,39956
2013,F,3,40738
2013,F,4,39718
2013,F,5,39258
2013,F,6,38889
2013,F,7,38385
2013,F,8,38322
2013,F,9,38657
2013,F,10,37941
2013,F,11,38274
2013,F,12,38398
2013,F,13,40739
2013,F,14,40728
2013,F,15,41312
2013,F,16,42046
2013,F,17,43220
2013,F,18,43664
2013,F,19,44691
2013,F,20,46002
2013,F,21,48441
2013,F,22,49422
2013,F,23,50518
2013,F,24,51004
2013,F,25,52612
2013,F,26,52117
2013,F,27,53910
2013,F,28,54673
2013,F,29,55373
2013,F,30,55323
2013,F,31,57102
2013,F,32,56924
2013,F,33,57141
2013,F,34,56099
2013,F,35,55440
2013,F,36,55518
2013,F,37,55663
2013,F,38,55197
2013,F,39,56417
2013,F,40,56869
2013,F,41,58281
2013,F,42,60737
2013,F,43,61537
2013,F,44,63418
2013,F,45,64796
2013,F,46,65406
2013,F,47,66348
2013,F,48,66256
2013,F,49,67361
2013,F,50,65637
2013,F,51,63096
2013,F,52,61267
2013,F,53,59564
2013,F,54,57801
2013,F,55,55271
2013,F,56,54111
2013,F,57,52091
2013,F,58,50348
2013,F,59,49202
2013,F,60,47801
2013,F,61,47356
2013,F,62,45331
2013,F,63,46370
2013,F,64,45606
2013,F,65,45989
2013,F,66,45006
2013,F,67,44838
2013,F,68,42392
2013,F,69,42043
2013,F,70,40613
2013,F,71,38500
2013,F,72,36380
2013,F,73,33728
2013,F,74,32672
2013,F,75,31484
2013,F,76,29999
2013,F,77,29883
2013,F,78,29140
2013,F,79,28131
2013,F,80,26890
2013,F,81,25929
2013,F,82,24497
2013,F,83,23860
2013,F,84,22013
2013,F,85,20197
2013,F,86,18261
2013,F,87,16901
2013,F,88,15082
2013,F,89,13285
2013,F,90,11260
2013,F,91,9388
2013,F,92,7988
2013,F,93,6022
2013,F,94,4056
2013,F,95,2959
2013,F,96,2190
2013,F,97,1619
2013,F,98,1073
2013,F,99,2027
2014,M,0,43039
2014,M,1,42934
2014,M,2,43294
2014,M,3,42657
2014,M,4,43014
2014,M,5,42527
2014,M,6,42333
2014,M,7,41301
2014,M,8,41033
2014,M,9,40954
2014,M,10,40620
2014,M,11,40106
2014,M,12,40822
2014,M,13,41072
2014,M,14,43609
2014,M,15,43205
2014,M,16,43950
2014,M,17,44732
2014,M,18,46343
2014,M,19,46748
2014,M,20,47742
2014,M,21,48720
2014,M,22,50983
2014,M,23,52527
2014,M,24,53549
2014,M,25,53859
2014,M,26,55644
2014,M,27,55201
2014,M,28,56536
2014,M,29,57061
2014,M,30,58299
2014,M,31,58165
2014,M,32,59316
2014,M,33,59155
2014,M,34,59671
2014,M,35,57734
2014,M,36,57187
2014,M,37,57233
2014,M,38,56540
2014,M,39,56440
2014,M,40,58048
2014,M,41,58187
2014,M,42,60300
2014,M,43,61875
2014,M,44,62904
2014,M,45,64332
2014,M,46,65942
2014,M,47,66723
2014,M,48,68447
2014,M,49,68911
2014,M,50,69822
2014,M,51,67550
2014,M,52,64959
2014,M,53,62354
2014,M,54,60661
2014,M,55,58627
2014,M,56,56638
2014,M,57,55006
2014,M,58,53462
2014,M,59,50776
2014,M,60,48483
2014,M,61,46369
2014,M,62,45718
2014,M,63,43666
2014,M,64,44564
2014,M,65,42859
2014,M,66,42769
2014,M,67,41939
2014,M,68,41385
2014,M,69,39517
2014,M,70,38191
2014,M,71,36151
2014,M,72,34280
2014,M,73,31074
2014,M,74,27783
2014,M,75,26589
2014,M,76,25103
2014,M,77,23477
2014,M,78,22545
2014,M,79,21590
2014,M,80,20047
2014,M,81,18045
2014,M,82,16921
2014,M,83,15280
2014,M,84,13797
2014,M,85,11961
2014,M,86,10456
2014,M,87,8763
2014,M,88,7632
2014,M,89,6375
2014,M,90,5063
2014,M,91,4078
2014,M,92,3090
2014,M,93,2377
2014,M,94,1700
2014,M,95,1014
2014,M,96,650
2014,M,97,439
2014,M,98,277
2014,M,99,484
2014,F,0,40691
2014,F,1,40560
2014,F,2,40603
2014,F,3,40319
2014,F,4,41184
2014,F,5,40110
2014,F,6,39749
2014,F,7,39301
2014,F,8,38774
2014,F,9,38677
2014,F,10,39006
2014,F,11,38264
2014,F,12,38643
2014,F,13,38733
2014,F,14,41052
2014,F,15,41032
2014,F,16,41714
2014,F,17,42396
2014,F,18,44026
2014,F,19,44625
2014,F,20,45560
2014,F,21,46876
2014,F,22,49553
2014,F,23,50811
2014,F,24,51992
2014,F,25,52563
2014,F,26,54479
2014,F,27,54059
2014,F,28,55652
2014,F,29,56390
2014,F,30,56764
2014,F,31,56631
2014,F,32,58304
2014,F,33,58011
2014,F,34,58132
2014,F,35,56912
2014,F,36,56221
2014,F,37,56287
2014,F,38,56289
2014,F,39,55877
2014,F,40,56921
2014,F,41,57440
2014,F,42,58865
2014,F,43,61241
2014,F,44,61979
2014,F,45,63808
2014,F,46,65132
2014,F,47,65625
2014,F,48,66710
2014,F,49,66470
2014,F,50,67563
2014,F,51,65773
2014,F,52,63167
2014,F,53,61258
2014,F,54,59508
2014,F,55,57728
2014,F,56,55197
2014,F,57,53922
2014,F,58,51933
2014,F,59,50174
2014,F,60,48991
2014,F,61,47589
2014,F,62,47072
2014,F,63,45063
2014,F,64,45971
2014,F,65,45223
2014,F,66,45642
2014,F,67,44687
2014,F,68,44477
2014,F,69,42058
2014,F,70,41669
2014,F,71,40252
2014,F,72,38079
2014,F,73,35944
2014,F,74,33303
2014,F,75,32182
2014,F,76,30975
2014,F,77,29447
2014,F,78,29214
2014,F,79,28460
2014,F,80,27341
2014,F,81,26003
2014,F,82,24936
2014,F,83,23457
2014,F,84,22674
2014,F,85,20669
2014,F,86,18827
2014,F,87,16771
2014,F,88,15342
2014,F,89,13358
2014,F,90,11703
2014,F,91,9694
2014,F,92,7893
2014,F,93,6605
2014,F,94,4833
2014,F,95,3170
2014,F,96,2251
2014,F,97,1577
2014,F,98,1153
2014,F,99,1995
2015,M,0,43713
2015,M,1,43959
2015,M,2,43303
2015,M,3,43653
2015,M,4,43029
2015,M,5,43407
2015,M,6,42947
2015,M,7,42748
2015,M,8,41715
2015,M,9,41402
2015,M,10,41343
2015,M,11,41003
2015,M,12,40443
2015,M,13,41171
2015,M,14,41412
2015,M,15,44013
2015,M,16,43684
2015,M,17,44524
2015,M,18,45615
2015,M,19,47620
2015,M,20,47603
2015,M,21,48671
2015,M,22,49891
2015,M,23,52403
2015,M,24,54129
2015,M,25,55217
2015,M,26,55565
2015,M,27,57449
2015,M,28,57047
2015,M,29,58036
2015,M,30,58373
2015,M,31,59638
2015,M,32,59276
2015,M,33,60318
2015,M,34,60008
2015,M,35,60601
2015,M,36,58512
2015,M,37,57909
2015,M,38,57944
2015,M,39,57204
2015,M,40,57032
2015,M,41,58555
2015,M,42,58667
2015,M,43,60822
2015,M,44,62315
2015,M,45,63279
2015,M,46,64690
2015,M,47,66236
2015,M,48,66933
2015,M,49,68563
2015,M,50,68987
2015,M,51,69838
2015,M,52,67476
2015,M,53,64899
2015,M,54,62262
2015,M,55,60499
2015,M,56,58398
2015,M,57,56337
2015,M,58,54645
2015,M,59,53034
2015,M,60,50075
2015,M,61,47916
2015,M,62,45814
2015,M,63,45038
2015,M,64,43037
2015,M,65,43563
2015,M,66,42140
2015,M,67,42083
2015,M,68,41222
2015,M,69,40665
2015,M,70,38853
2015,M,71,37424
2015,M,72,35403
2015,M,73,33504
2015,M,74,30290
2015,M,75,27016
2015,M,76,25799
2015,M,77,24264
2015,M,78,22624
2015,M,79,21599
2015,M,80,20594
2015,M,81,18973
2015,M,82,16922
2015,M,83,15807
2015,M,84,14107
2015,M,85,12608
2015,M,86,10798
2015,M,87,9296
2015,M,88,7618
2015,M,89,6512
2015,M,90,5274
2015,M,91,4134
2015,M,92,3252
2015,M,93,2348
2015,M,94,1808
2015,M,95,1238
2015,M,96,711
2015,M,97,438
2015,M,98,283
2015,M,99,456
2015,F,0,41191
2015,F,1,41686
2015,F,2,40946
2015,F,3,40947
2015,F,4,40604
2015,F,5,41569
2015,F,6,40507
2015,F,7,40129
2015,F,8,39656
2015,F,9,39177
2015,F,10,39058
2015,F,11,39349
2015,F,12,38625
2015,F,13,38987
2015,F,14,39113
2015,F,15,41412
2015,F,16,41380
2015,F,17,42103
2015,F,18,43312
2015,F,19,45048
2015,F,20,45624
2015,F,21,46464
2015,F,22,48059
2015,F,23,50934
2015,F,24,52270
2015,F,25,53683
2015,F,26,54402
2015,F,27,56231
2015,F,28,55779
2015,F,29,57178
2015,F,30,57729
2015,F,31,58072
2015,F,32,57660
2015,F,33,59264
2015,F,34,58946
2015,F,35,58883
2015,F,36,57573
2015,F,37,56914
2015,F,38,56831
2015,F,39,56839
2015,F,40,56429
2015,F,41,57505
2015,F,42,57929
2015,F,43,59300
2015,F,44,61613
2015,F,45,62314
2015,F,46,64108
2015,F,47,65417
2015,F,48,65854
2015,F,49,66851
2015,F,50,66566
2015,F,51,67719
2015,F,52,65727
2015,F,53,63127
2015,F,54,61173
2015,F,55,59392
2015,F,56,57587
2015,F,57,55041
2015,F,58,53683
2015,F,59,51661
2015,F,60,49859
2015,F,61,48702
2015,F,62,47217
2015,F,63,46721
2015,F,64,44600
2015,F,65,45518
2015,F,66,44759
2015,F,67,45237
2015,F,68,44312
2015,F,69,44094
2015,F,70,41702
2015,F,71,41224
2015,F,72,39783
2015,F,73,37650
2015,F,74,35416
2015,F,75,32824
2015,F,76,31591
2015,F,77,30335
2015,F,78,28807
2015,F,79,28484
2015,F,80,27660
2015,F,81,26397
2015,F,82,25060
2015,F,83,23783
2015,F,84,22200
2015,F,85,21358
2015,F,86,19149
2015,F,87,17264
2015,F,88,15149
2015,F,89,13641
2015,F,90,11690
2015,F,91,9969
2015,F,92,8097
2015,F,93,6356
2015,F,94,5217
2015,F,95,3660
2015,F,96,2320
2015,F,97,1603
2015,F,98,1085
2015,F,99,2032
2016,M,0,44165
2016,M,1,44848
2016,M,2,44511
2016,M,3,43700
2016,M,4,44080
2016,M,5,43421
2016,M,6,43733
2016,M,7,43408
2016,M,8,43191
2016,M,9,42145
2016,M,10,41845
2016,M,11,41730
2016,M,12,41351
2016,M,13,40807
2016,M,14,41706
2016,M,15,42012
2016,M,16,44882
2016,M,17,44871
2016,M,18,46145
2016,M,19,48068
2016,M,20,48902
2016,M,21,49008
2016,M,22,50224
2016,M,23,51725
2016,M,24,54227
2016,M,25,55889
2016,M,26,57225
2016,M,27,57399
2016,M,28,59167
2016,M,29,58663
2016,M,30,59445
2016,M,31,59688
2016,M,32,60631
2016,M,33,60314
2016,M,34,61212
2016,M,35,60917
2016,M,36,61245
2016,M,37,59124
2016,M,38,58451
2016,M,39,58405
2016,M,40,57673
2016,M,41,57476
2016,M,42,58917
2016,M,43,59049
2016,M,44,61121
2016,M,45,62556
2016,M,46,63479
2016,M,47,64860
2016,M,48,66348
2016,M,49,67031
2016,M,50,68562
2016,M,51,68929
2016,M,52,69756
2016,M,53,67323
2016,M,54,64622
2016,M,55,61928
2016,M,56,60122
2016,M,57,57968
2016,M,58,55875
2016,M,59,54221
2016,M,60,52337
2016,M,61,49468
2016,M,62,47294
2016,M,63,45080
2016,M,64,44352
2016,M,65,42006
2016,M,66,42651
2016,M,67,41457
2016,M,68,41401
2016,M,69,40577
2016,M,70,40011
2016,M,71,38129
2016,M,72,36639
2016,M,73,34707
2016,M,74,32707
2016,M,75,29548
2016,M,76,26195
2016,M,77,24998
2016,M,78,23463
2016,M,79,21821
2016,M,80,20638
2016,M,81,19572
2016,M,82,17882
2016,M,83,15847
2016,M,84,14642
2016,M,85,12951
2016,M,86,11357
2016,M,87,9636
2016,M,88,8180
2016,M,89,6583
2016,M,90,5458
2016,M,91,4394
2016,M,92,3324
2016,M,93,2538
2016,M,94,1803
2016,M,95,1332
2016,M,96,910
2016,M,97,502
2016,M,98,299
2016,M,99,452
2016,F,0,42131
2016,F,1,42119
2016,F,2,42101
2016,F,3,41236
2016,F,4,41224
2016,F,5,41013
2016,F,6,41969
2016,F,7,40976
2016,F,8,40550
2016,F,9,40050
2016,F,10,39530
2016,F,11,39419
2016,F,12,39732
2016,F,13,38974
2016,F,14,39326
2016,F,15,39495
2016,F,16,41803
2016,F,17,41832
2016,F,18,43055
2016,F,19,44312
2016,F,20,45973
2016,F,21,46435
2016,F,22,47420
2016,F,23,49232
2016,F,24,52389
2016,F,25,53703
2016,F,26,55460
2016,F,27,56150
2016,F,28,57818
2016,F,29,57107
2016,F,30,58446
2016,F,31,58753
2016,F,32,59140
2016,F,33,58545
2016,F,34,59926
2016,F,35,59542
2016,F,36,59578
2016,F,37,58251
2016,F,38,57442
2016,F,39,57384
2016,F,40,57289
2016,F,41,56852
2016,F,42,57856
2016,F,43,58381
2016,F,44,59616
2016,F,45,61899
2016,F,46,62577
2016,F,47,64340
2016,F,48,65575
2016,F,49,66014
2016,F,50,66876
2016,F,51,66613
2016,F,52,67724
2016,F,53,65639
2016,F,54,62997
2016,F,55,61062
2016,F,56,59191
2016,F,57,57357
2016,F,58,54715
2016,F,59,53373
2016,F,60,51358
2016,F,61,49564
2016,F,62,48285
2016,F,63,46789
2016,F,64,46181
2016,F,65,44139
2016,F,66,45094
2016,F,67,44333
2016,F,68,44805
2016,F,69,43905
2016,F,70,43649
2016,F,71,41251
2016,F,72,40721
2016,F,73,39300
2016,F,74,37126
2016,F,75,34850
2016,F,76,32249
2016,F,77,30968
2016,F,78,29697
2016,F,79,28110
2016,F,80,27657
2016,F,81,26717
2016,F,82,25416
2016,F,83,23978
2016,F,84,22622
2016,F,85,20887
2016,F,86,19971
2016,F,87,17598
2016,F,88,15707
2016,F,89,13600
2016,F,90,11957
2016,F,91,10150
2016,F,92,8430
2016,F,93,6722
2016,F,94,5102
2016,F,95,4040
2016,F,96,2783
2016,F,97,1718
2016,F,98,1182
2016,F,99,2015
2017,M,0,43971
2017,M,1,45122
2017,M,2,45147
2017,M,3,44750
2017,M,4,43903
2017,M,5,44364
2017,M,6,43770
2017,M,7,44012
2017,M,8,43649
2017,M,9,43481
2017,M,10,42417
2017,M,11,42192
2017,M,12,42036
2017,M,13,41726
2017,M,14,41221
2017,M,15,42139
2017,M,16,42505
2017,M,17,45577
2017,M,18,45811
2017,M,19,47278
2017,M,20,48512
2017,M,21,49384
2017,M,22,49648
2017,M,23,51091
2017,M,24,52804
2017,M,25,55400
2017,M,26,57207
2017,M,27,58634
2017,M,28,58751
2017,M,29,60374
2017,M,30,59635
2017,M,31,60388
2017,M,32,60519
2017,M,33,61249
2017,M,34,60814
2017,M,35,61828
2017,M,36,61448
2017,M,37,61685
2017,M,38,59470
2017,M,39,58883
2017,M,40,58801
2017,M,41,57902
2017,M,42,57734
2017,M,43,59169
2017,M,44,59200
2017,M,45,61245
2017,M,46,62637
2017,M,47,63576
2017,M,48,64991
2017,M,49,66238
2017,M,50,66961
2017,M,51,68392
2017,M,52,68652
2017,M,53,69525
2017,M,54,66968
2017,M,55,64252
2017,M,56,61489
2017,M,57,59713
2017,M,58,57460
2017,M,59,55318
2017,M,60,53370
2017,M,61,51601
2017,M,62,48739
2017,M,63,46449
2017,M,64,44271
2017,M,65,43203
2017,M,66,41031
2017,M,67,41845
2017,M,68,40691
2017,M,69,40631
2017,M,70,39793
2017,M,71,39228
2017,M,72,37329
2017,M,73,35854
2017,M,74,33867
2017,M,75,31821
2017,M,76,28671
2017,M,77,25369
2017,M,78,24119
2017,M,79,22555
2017,M,80,20886
2017,M,81,19637
2017,M,82,18413
2017,M,83,16761
2017,M,84,14721
2017,M,85,13466
2017,M,86,11738
2017,M,87,10121
2017,M,88,8467
2017,M,89,7007
2017,M,90,5578
2017,M,91,4508
2017,M,92,3487
2017,M,93,2568
2017,M,94,1948
2017,M,95,1324
2017,M,96,960
2017,M,97,599
2017,M,98,342
2017,M,99,448
2017,F,0,41640
2017,F,1,43084
2017,F,2,42394
2017,F,3,42320
2017,F,4,41412
2017,F,5,41534
2017,F,6,41316
2017,F,7,42223
2017,F,8,41279
2017,F,9,40856
2017,F,10,40350
2017,F,11,39834
2017,F,12,39693
2017,F,13,40019
2017,F,14,39340
2017,F,15,39666
2017,F,16,39772
2017,F,17,42267
2017,F,18,42631
2017,F,19,43793
2017,F,20,44935
2017,F,21,46578
2017,F,22,47093
2017,F,23,48342
2017,F,24,50322
2017,F,25,53720
2017,F,26,55137
2017,F,27,57030
2017,F,28,57454
2017,F,29,59110
2017,F,30,58232
2017,F,31,59415
2017,F,32,59610
2017,F,33,59839
2017,F,34,59194
2017,F,35,60639
2017,F,36,60082
2017,F,37,60118
2017,F,38,58686
2017,F,39,57888
2017,F,40,57776
2017,F,41,57608
2017,F,42,57179
2017,F,43,58120
2017,F,44,58682
2017,F,45,59900
2017,F,46,62130
2017,F,47,62736
2017,F,48,64499
2017,F,49,65644
2017,F,50,66024
2017,F,51,66900
2017,F,52,66537
2017,F,53,67625
2017,F,54,65512
2017,F,55,62746
2017,F,56,60756
2017,F,57,58873
2017,F,58,56966
2017,F,59,54314
2017,F,60,52971
2017,F,61,50952
2017,F,62,49056
2017,F,63,47838
2017,F,64,46126
2017,F,65,45576
2017,F,66,43684
2017,F,67,44636
2017,F,68,43873
2017,F,69,44322
2017,F,70,43437
2017,F,71,43149
2017,F,72,40767
2017,F,73,40194
2017,F,74,38743
2017,F,75,36533
2017,F,76,34279
2017,F,77,31604
2017,F,78,30300
2017,F,79,28925
2017,F,80,27284
2017,F,81,26753
2017,F,82,25745
2017,F,83,24288
2017,F,84,22709
2017,F,85,21258
2017,F,86,19500
2017,F,87,18320
2017,F,88,16009
2017,F,89,14011
2017,F,90,11948
2017,F,91,10291
2017,F,92,8641
2017,F,93,6979
2017,F,94,5339
2017,F,95,3970
2017,F,96,3038
2017,F,97,2029
2017,F,98,1206
2017,F,99,2039
2018,M,0,44120
2018,M,1,44733
2018,M,2,45448
2018,M,3,45394
2018,M,4,45057
2018,M,5,44093
2018,M,6,44615
2018,M,7,44044
2018,M,8,44287
2018,M,9,43968
2018,M,10,43835
2018,M,11,42773
2018,M,12,42469
2018,M,13,42395
2018,M,14,42023
2018,M,15,41586
2018,M,16,42473
2018,M,17,42814
2018,M,18,46307
2018,M,19,46596
2018,M,20,47554
2018,M,21,48957
2018,M,22,50081
2018,M,23,50511
2018,M,24,51997
2018,M,25,53919
2018,M,26,56722
2018,M,27,58484
2018,M,28,59880
2018,M,29,59949
2018,M,30,61388
2018,M,31,60494
2018,M,32,61146
2018,M,33,61322
2018,M,34,61802
2018,M,35,61360
2018,M,36,62311
2018,M,37,61944
2018,M,38,61993
2018,M,39,59793
2018,M,40,59177
2018,M,41,59039
2018,M,42,58143
2018,M,43,57972
2018,M,44,59386
2018,M,45,59277
2018,M,46,61358
2018,M,47,62729
2018,M,48,63566
2018,M,49,65019
2018,M,50,66213
2018,M,51,66878
2018,M,52,68161
2018,M,53,68436
2018,M,54,69206
2018,M,55,66598
2018,M,56,63840
2018,M,57,61134
2018,M,58,59205
2018,M,59,56923
2018,M,60,54371
2018,M,61,52528
2018,M,62,50839
2018,M,63,47854
2018,M,64,45581
2018,M,65,43000
2018,M,66,42196
2018,M,67,40292
2018,M,68,41130
2018,M,69,39943
2018,M,70,39833
2018,M,71,39042
2018,M,72,38432
2018,M,73,36497
2018,M,74,35044
2018,M,75,32956
2018,M,76,31009
2018,M,77,27824
2018,M,78,24442
2018,M,79,23195
2018,M,80,21559
2018,M,81,19839
2018,M,82,18541
2018,M,83,17303
2018,M,84,15568
2018,M,85,13541
2018,M,86,12236
2018,M,87,10540
2018,M,88,8995
2018,M,89,7306
2018,M,90,5909
2018,M,91,4590
2018,M,92,3612
2018,M,93,2759
2018,M,94,1953
2018,M,95,1470
2018,M,96,935
2018,M,97,666
2018,M,98,405
2018,M,99,489
2018,F,0,42048
2018,F,1,42518
2018,F,2,43356
2018,F,3,42603
2018,F,4,42603
2018,F,5,41709
2018,F,6,41902
2018,F,7,41615
2018,F,8,42566
2018,F,9,41505
2018,F,10,41183
2018,F,11,40623
2018,F,12,40071
2018,F,13,39945
2018,F,14,40245
2018,F,15,39585
2018,F,16,39957
2018,F,17,40070
2018,F,18,42997
2018,F,19,43327
2018,F,20,44291
2018,F,21,45423
2018,F,22,47225
2018,F,23,47964
2018,F,24,49442
2018,F,25,51598
2018,F,26,55168
2018,F,27,56541
2018,F,28,58352
2018,F,29,58675
2018,F,30,60163
2018,F,31,59157
2018,F,32,60169
2018,F,33,60370
2018,F,34,60479
2018,F,35,59846
2018,F,36,61171
2018,F,37,60541
2018,F,38,60609
2018,F,39,59138
2018,F,40,58211
2018,F,41,58031
2018,F,42,57949
2018,F,43,57506
2018,F,44,58369
2018,F,45,58906
2018,F,46,60116
2018,F,47,62236
2018,F,48,62842
2018,F,49,64600
2018,F,50,65692
2018,F,51,65934
2018,F,52,66787
2018,F,53,66407
2018,F,54,67432
2018,F,55,65236
2018,F,56,62498
2018,F,57,60387
2018,F,58,58422
2018,F,59,56489
2018,F,60,53801
2018,F,61,52458
2018,F,62,50431
2018,F,63,48529
2018,F,64,47137
2018,F,65,45544
2018,F,66,45066
2018,F,67,43233
2018,F,68,44169
2018,F,69,43423
2018,F,70,43861
2018,F,71,42945
2018,F,72,42609
2018,F,73,40246
2018,F,74,39607
2018,F,75,38117
2018,F,76,35919
2018,F,77,33611
2018,F,78,30898
2018,F,79,29566
2018,F,80,28164
2018,F,81,26414
2018,F,82,25761
2018,F,83,24603
2018,F,84,23080
2018,F,85,21402
2018,F,86,19842
2018,F,87,17947
2018,F,88,16665
2018,F,89,14342
2018,F,90,12352
2018,F,91,10357
2018,F,92,8692
2018,F,93,7102
2018,F,94,5633
2018,F,95,4199
2018,F,96,3036
2018,F,97,2257
2018,F,98,1423
2018,F,99,2165
2019,M,0,43282
2019,M,1,44960
2019,M,2,45078
2019,M,3,45625
2019,M,4,45598
2019,M,5,45329
2019,M,6,44392
2019,M,7,44917
2019,M,8,44356
2019,M,9,44603
2019,M,10,44245
2019,M,11,44238
2019,M,12,43099
2019,M,13,42779
2019,M,14,42655
2019,M,15,42371
2019,M,16,41893
2019,M,17,42766
2019,M,18,43493
2019,M,19,47033
2019,M,20,46934
2019,M,21,47882
2019,M,22,49802
2019,M,23,51033
2019,M,24,51576
2019,M,25,53122
2019,M,26,55240
2019,M,27,58087
2019,M,28,59961
2019,M,29,61239
2019,M,30,61111
2019,M,31,62484
2019,M,32,61435
2019,M,33,62022
2019,M,34,61970
2019,M,35,62347
2019,M,36,61937
2019,M,37,62794
2019,M,38,62417
2019,M,39,62332
2019,M,40,60164
2019,M,41,59628
2019,M,42,59324
2019,M,43,58398
2019,M,44,58203
2019,M,45,59588
2019,M,46,59455
2019,M,47,61430
2019,M,48,62831
2019,M,49,63528
2019,M,50,64904
2019,M,51,66106
2019,M,52,66713
2019,M,53,67969
2019,M,54,68192
2019,M,55,68796
2019,M,56,66176
2019,M,57,63450
2019,M,58,60625
2019,M,59,58629
2019,M,60,55947
2019,M,61,53605
2019,M,62,51746
2019,M,63,49948
2019,M,64,47067
2019,M,65,44258
2019,M,66,42058
2019,M,67,41462
2019,M,68,39608
2019,M,69,40458
2019,M,70,39204
2019,M,71,39068
2019,M,72,38232
2019,M,73,37524
2019,M,74,35666
2019,M,75,34150
2019,M,76,32065
2019,M,77,30068
2019,M,78,26897
2019,M,79,23509
2019,M,80,22206
2019,M,81,20569
2019,M,82,18751
2019,M,83,17363
2019,M,84,16089
2019,M,85,14317
2019,M,86,12371
2019,M,87,10943
2019,M,88,9315
2019,M,89,7827
2019,M,90,6198
2019,M,91,4931
2019,M,92,3705
2019,M,93,2892
2019,M,94,2128
2019,M,95,1468
2019,M,96,1049
2019,M,97,648
2019,M,98,455
2019,M,99,552
2019,F,0,41218
2019,F,1,42814
2019,F,2,42751
2019,F,3,43519
2019,F,4,42850
2019,F,5,42876
2019,F,6,41960
2019,F,7,42175
2019,F,8,41911
2019,F,9,42829
2019,F,10,41856
2019,F,11,41486
2019,F,12,40902
2019,F,13,40380
2019,F,14,40235
2019,F,15,40485
2019,F,16,39744
2019,F,17,40184
2019,F,18,40714
2019,F,19,43597
2019,F,20,43884
2019,F,21,44786
2019,F,22,46272
2019,F,23,48213
2019,F,24,49121
2019,F,25,50818
2019,F,26,53134
2019,F,27,56690
2019,F,28,58005
2019,F,29,59551
2019,F,30,59840
2019,F,31,61235
2019,F,32,60048
2019,F,33,60953
2019,F,34,60983
2019,F,35,61003
2019,F,36,60478
2019,F,37,61738
2019,F,38,61013
2019,F,39,61036
2019,F,40,59508
2019,F,41,58584
2019,F,42,58336
2019,F,43,58227
2019,F,44,57784
2019,F,45,58582
2019,F,46,59124
2019,F,47,60321
2019,F,48,62382
2019,F,49,62928
2019,F,50,64584
2019,F,51,65662
2019,F,52,65867
2019,F,53,66678
2019,F,54,66142
2019,F,55,67180
2019,F,56,64980
2019,F,57,62225
2019,F,58,60002
2019,F,59,57957
2019,F,60,56019
2019,F,61,53315
2019,F,62,51898
2019,F,63,49939
2019,F,64,47863
2019,F,65,46552
2019,F,66,45025
2019,F,67,44665
2019,F,68,42808
2019,F,69,43718
2019,F,70,42955
2019,F,71,43356
2019,F,72,42389
2019,F,73,42000
2019,F,74,39697
2019,F,75,39012
2019,F,76,37432
2019,F,77,35262
2019,F,78,32895
2019,F,79,30137
2019,F,80,28797
2019,F,81,27221
2019,F,82,25489
2019,F,83,24624
2019,F,84,23404
2019,F,85,21812
2019,F,86,20007
2019,F,87,18334
2019,F,88,16370
2019,F,89,14982
2019,F,90,12647
2019,F,91,10763
2019,F,92,8765
2019,F,93,7179
2019,F,94,5677
2019,F,95,4466
2019,F,96,3200
2019,F,97,2212
2019,F,98,1618
2019,F,99,2326
2020,M,0,43494
2020,M,1,44193
2020,M,2,45335
2020,M,3,45361
2020,M,4,45885
2020,M,5,45950
2020,M,6,45687
2020,M,7,44748
2020,M,8,45350
2020,M,9,44674
2020,M,10,44971
2020,M,11,44589
2020,M,12,44503
2020,M,13,43365
2020,M,14,43134
2020,M,15,42995
2020,M,16,42717
2020,M,17,42290
2020,M,18,43842
2020,M,19,44384
2020,M,20,47658
2020,M,21,47544
2020,M,22,48907
2020,M,23,50760
2020,M,24,52158
2020,M,25,52796
2020,M,26,54633
2020,M,27,56660
2020,M,28,59550
2020,M,29,61261
2020,M,30,62502
2020,M,31,62380
2020,M,32,63555
2020,M,33,62438
2020,M,34,62808
2020,M,35,62802
2020,M,36,63019
2020,M,37,62546
2020,M,38,63339
2020,M,39,62885
2020,M,40,62775
2020,M,41,60629
2020,M,42,60015
2020,M,43,59668
2020,M,44,58724
2020,M,45,58496
2020,M,46,59874
2020,M,47,59621
2020,M,48,61593
2020,M,49,62930
2020,M,50,63606
2020,M,51,64931
2020,M,52,66008
2020,M,53,66590
2020,M,54,67814
2020,M,55,68018
2020,M,56,68417
2020,M,57,65854
2020,M,58,62963
2020,M,59,60167
2020,M,60,57666
2020,M,61,55227
2020,M,62,52900
2020,M,63,50878
2020,M,64,49104
2020,M,65,45794
2020,M,66,43321
2020,M,67,41354
2020,M,68,40734
2020,M,69,38993
2020,M,70,39711
2020,M,71,38440
2020,M,72,38253
2020,M,73,37334
2020,M,74,36578
2020,M,75,34745
2020,M,76,33097
2020,M,77,31028
2020,M,78,28920
2020,M,79,25849
2020,M,80,22342
2020,M,81,21011
2020,M,82,19316
2020,M,83,17458
2020,M,84,16007
2020,M,85,14590
2020,M,86,12837
2020,M,87,10861
2020,M,88,9443
2020,M,89,7929
2020,M,90,6510
2020,M,91,5016
2020,M,92,3903
2020,M,93,2788
2020,M,94,2119
2020,M,95,1511
2020,M,96,993
2020,M,97,674
2020,M,98,426
2020,M,99,578
2020,F,0,40880
2020,F,1,42074
2020,F,2,43073
2020,F,3,42982
2020,F,4,43841
2020,F,5,43139
2020,F,6,43156
2020,F,7,42302
2020,F,8,42467
2020,F,9,42212
2020,F,10,43152
2020,F,11,42182
2020,F,12,41787
2020,F,13,41140
2020,F,14,40645
2020,F,15,40533
2020,F,16,40778
2020,F,17,39985
2020,F,18,41021
2020,F,19,41485
2020,F,20,44123
2020,F,21,44355
2020,F,22,45699
2020,F,23,47405
2020,F,24,49572
2020,F,25,50595
2020,F,26,52318
2020,F,27,54704
2020,F,28,58153
2020,F,29,59283
2020,F,30,60897
2020,F,31,60932
2020,F,32,62251
2020,F,33,60897
2020,F,34,61799
2020,F,35,61763
2020,F,36,61602
2020,F,37,61007
2020,F,38,62274
2020,F,39,61534
2020,F,40,61518
2020,F,41,59967
2020,F,42,59002
2020,F,43,58696
2020,F,44,58624
2020,F,45,58094
2020,F,46,58845
2020,F,47,59339
2020,F,48,60525
2020,F,49,62542
2020,F,50,63008
2020,F,51,64643
2020,F,52,65655
2020,F,53,65818
2020,F,54,66536
2020,F,55,65991
2020,F,56,66940
2020,F,57,64683
2020,F,58,61847
2020,F,59,59620
2020,F,60,57528
2020,F,61,55603
2020,F,62,52794
2020,F,63,51416
2020,F,64,49263
2020,F,65,47278
2020,F,66,46124
2020,F,67,44659
2020,F,68,44257
2020,F,69,42400
2020,F,70,43268
2020,F,71,42514
2020,F,72,42834
2020,F,73,41890
2020,F,74,41393
2020,F,75,39040
2020,F,76,38305
2020,F,77,36753
2020,F,78,34427
2020,F,79,32088
2020,F,80,29268
2020,F,81,27809
2020,F,82,26178
2020,F,83,24374
2020,F,84,23323
2020,F,85,21889
2020,F,86,20205
2020,F,87,18303
2020,F,88,16604
2020,F,89,14513
2020,F,90,13008
2020,F,91,10731
2020,F,92,8849
2020,F,93,7174
2020,F,94,5678
2020,F,95,4346
2020,F,96,3329
2020,F,97,2336
2020,F,98,1568
2020,F,99,2492
2021,M,0,45206
2021,M,1,44211
2021,M,2,44487
2021,M,3,45576
2021,M,4,45581
2021,M,5,46139
2021,M,6,46237
2021,M,7,45998
2021,M,8,45024
2021,M,9,45634
2021,M,10,44966
2021,M,11,45248
2021,M,12,44896
2021,M,13,44824
2021,M,14,43710
2021,M,15,43500
2021,M,16,43357
2021,M,17,43251
2021,M,18,43229
2021,M,19,44656
2021,M,20,44905
2021,M,21,48213
2021,M,22,48717
2021,M,23,50144
2021,M,24,51959
2021,M,25,53653
2021,M,26,54257
2021,M,27,56200
2021,M,28,58208
2021,M,29,61043
2021,M,30,62537
2021,M,31,63730
2021,M,32,63356
2021,M,33,64416
2021,M,34,63349
2021,M,35,63603
2021,M,36,63431
2021,M,37,63632
2021,M,38,62988
2021,M,39,63759
2021,M,40,63259
2021,M,41,63165
2021,M,42,61027
2021,M,43,60208
2021,M,44,59945
2021,M,45,58894
2021,M,46,58696
2021,M,47,60044
2021,M,48,59812
2021,M,49,61647
2021,M,50,62824
2021,M,51,63509
2021,M,52,64828
2021,M,53,65838
2021,M,54,66359
2021,M,55,67454
2021,M,56,67690
2021,M,57,68007
2021,M,58,65313
2021,M,59,62526
2021,M,60,59048
2021,M,61,56791
2021,M,62,54418
2021,M,63,51949
2021,M,64,49976
2021,M,65,47681
2021,M,66,44706
2021,M,67,42586
2021,M,68,40701
2021,M,69,39980
2021,M,70,38308
2021,M,71,38905
2021,M,72,37646
2021,M,73,37334
2021,M,74,36439
2021,M,75,35693
2021,M,76,33731
2021,M,77,32074
2021,M,78,29944
2021,M,79,27844
2021,M,80,24805
2021,M,81,21251
2021,M,82,19905
2021,M,83,18168
2021,M,84,16290
2021,M,85,14706
2021,M,86,13255
2021,M,87,11522
2021,M,88,9575
2021,M,89,8229
2021,M,90,6773
2021,M,91,5405
2021,M,92,4093
2021,M,93,3098
2021,M,94,2123
2021,M,95,1571
2021,M,96,1061
2021,M,97,682
2021,M,98,438
2021,M,99,624
2021,F,0,42994
2021,F,1,41584
2021,F,2,42435
2021,F,3,43249
2021,F,4,43247
2021,F,5,44122
2021,F,6,43414
2021,F,7,43433
2021,F,8,42561
2021,F,9,42772
2021,F,10,42513
2021,F,11,43501
2021,F,12,42487
2021,F,13,42092
2021,F,14,41501
2021,F,15,40974
2021,F,16,40819
2021,F,17,41080
2021,F,18,40768
2021,F,19,41622
2021,F,20,41929
2021,F,21,44678
2021,F,22,45349
2021,F,23,46964
2021,F,24,48744
2021,F,25,51057
2021,F,26,52131
2021,F,27,54036
2021,F,28,56200
2021,F,29,59345
2021,F,30,60451
2021,F,31,61933
2021,F,32,61978
2021,F,33,63086
2021,F,34,61588
2021,F,35,62465
2021,F,36,62308
2021,F,37,62135
2021,F,38,61483
2021,F,39,62729
2021,F,40,62012
2021,F,41,61840
2021,F,42,60342
2021,F,43,59305
2021,F,44,59051
2021,F,45,58884
2021,F,46,58312
2021,F,47,59041
2021,F,48,59450
2021,F,49,60605
2021,F,50,62568
2021,F,51,62994
2021,F,52,64627
2021,F,53,65563
2021,F,54,65573
2021,F,55,66251
2021,F,56,65799
2021,F,57,66634
2021,F,58,64282
2021,F,59,61373
2021,F,60,59029
2021,F,61,57079
2021,F,62,55076
2021,F,63,52310
2021,F,64,50658
2021,F,65,48626
2021,F,66,46811
2021,F,67,45702
2021,F,68,44243
2021,F,69,43847
2021,F,70,41950
2021,F,71,42815
2021,F,72,42038
2021,F,73,42305
2021,F,74,41308
2021,F,75,40725
2021,F,76,38360
2021,F,77,37574
2021,F,78,35938
2021,F,79,33518
2021,F,80,31180
2021,F,81,28362
2021,F,82,26843
2021,F,83,25119
2021,F,84,23186
2021,F,85,22046
2021,F,86,20491
2021,F,87,18726
2021,F,88,16737
2021,F,89,14951
2021,F,90,12799
2021,F,91,11183
2021,F,92,9146
2021,F,93,7324
2021,F,94,5826
2021,F,95,4453
2021,F,96,3277
2021,F,97,2484
2021,F,98,1665
2021,F,99,2615
2022,M,0,41714
2022,M,1,46068
2022,M,2,44637
2022,M,3,44875
2022,M,4,45924
2022,M,5,45900
2022,M,6,46507
2022,M,7,46601
2022,M,8,46368
2022,M,9,45406
2022,M,10,46015
2022,M,11,45380
2022,M,12,45616
2022,M,13,45302
2022,M,14,45192
2022,M,15,44152
2022,M,16,43992
2022,M,17,44088
2022,M,18,44469
2022,M,19,44279
2022,M,20,45248
2022,M,21,45770
2022,M,22,49575
2022,M,23,50097
2022,M,24,51635
2022,M,25,53685
2022,M,26,55633
2022,M,27,56244
2022,M,28,58296
2022,M,29,59966
2022,M,30,62708
2022,M,31,64027
2022,M,32,65173
2022,M,33,64556
2022,M,34,65644
2022,M,35,64405
2022,M,36,64566
2022,M,37,64267
2022,M,38,64437
2022,M,39,63759
2022,M,40,64393
2022,M,41,63784
2022,M,42,63734
2022,M,43,61479
2022,M,44,60691
2022,M,45,60365
2022,M,46,59297
2022,M,47,59059
2022,M,48,60324
2022,M,49,59974
2022,M,50,61807
2022,M,51,62906
2022,M,52,63504
2022,M,53,64756
2022,M,54,65708
2022,M,55,66151
2022,M,56,67112
2022,M,57,67402
2022,M,58,67559
2022,M,59,64770
2022,M,60,61407
2022,M,61,58192
2022,M,62,56030
2022,M,63,53373
2022,M,64,50958
2022,M,65,48502
2022,M,66,46574
2022,M,67,43915
2022,M,68,41821
2022,M,69,40027
2022,M,70,39296
2022,M,71,37643
2022,M,72,38121
2022,M,73,36811
2022,M,74,36519
2022,M,75,35498
2022,M,76,34674
2022,M,77,32666
2022,M,78,30968
2022,M,79,28833
2022,M,80,26626
2022,M,81,23604
2022,M,82,20092
2022,M,83,18687
2022,M,84,16849
2022,M,85,15005
2022,M,86,13246
2022,M,87,11845
2022,M,88,10145
2022,M,89,8276
2022,M,90,7002
2022,M,91,5555
2022,M,92,4371
2022,M,93,3168
2022,M,94,2317
2022,M,95,1530
2022,M,96,1076
2022,M,97,718
2022,M,98,443
2022,M,99,619
2022,F,0,39125
2022,F,1,43822
2022,F,2,42036
2022,F,3,42758
2022,F,4,43606
2022,F,5,43628
2022,F,6,44486
2022,F,7,43793
2022,F,8,43808
2022,F,9,42931
2022,F,10,43133
2022,F,11,42900
2022,F,12,43863
2022,F,13,42855
2022,F,14,42512
2022,F,15,41837
2022,F,16,41279
2022,F,17,41119
2022,F,18,41867
2022,F,19,41370
2022,F,20,42163
2022,F,21,42630
2022,F,22,45689
2022,F,23,46743
2022,F,24,48542
2022,F,25,50517
2022,F,26,52945
2022,F,27,54154
2022,F,28,55770
2022,F,29,57901
2022,F,30,60806
2022,F,31,61672
2022,F,32,63238
2022,F,33,63186
2022,F,34,63962
2022,F,35,62388
2022,F,36,63292
2022,F,37,62973
2022,F,38,62822
2022,F,39,62076
2022,F,40,63386
2022,F,41,62574
2022,F,42,62413
2022,F,43,60776
2022,F,44,59732
2022,F,45,59411
2022,F,46,59179
2022,F,47,58616
2022,F,48,59296
2022,F,49,59719
2022,F,50,60771
2022,F,51,62682
2022,F,52,63035
2022,F,53,64600
2022,F,54,65449
2022,F,55,65428
2022,F,56,65954
2022,F,57,65522
2022,F,58,66229
2022,F,59,63828
2022,F,60,60950
2022,F,61,58596
2022,F,62,56520
2022,F,63,54494
2022,F,64,51494
2022,F,65,49979
2022,F,66,48124
2022,F,67,46370
2022,F,68,45359
2022,F,69,43783
2022,F,70,43391
2022,F,71,41509
2022,F,72,42297
2022,F,73,41498
2022,F,74,41684
2022,F,75,40643
2022,F,76,39993
2022,F,77,37656
2022,F,78,36767
2022,F,79,35056
2022,F,80,32588
2022,F,81,30195
2022,F,82,27301
2022,F,83,25681
2022,F,84,23867
2022,F,85,21833
2022,F,86,20600
2022,F,87,18904
2022,F,88,17005
2022,F,89,14967
2022,F,90,13123
2022,F,91,11020
2022,F,92,9413
2022,F,93,7419
2022,F,94,5886
2022,F,95,4532
2022,F,96,3303
2022,F,97,2395
2022,F,98,1706
2022,F,99,2734
2023,M,0,40239
2023,M,1,42831
2023,M,2,46842
2023,M,3,45400
2023,M,4,45571
2023,M,5,46870
2023,M,6,46807
2023,M,7,47423
2023,M,8,47610
2023,M,9,47448
2023,M,10,46418
2023,M,11,47054
2023,M,12,46350
2023,M,13,46583
2023,M,14,46334
2023,M,15,46410
2023,M,16,45545
2023,M,17,46152
2023,M,18,46729
2023,M,19,46357
2023,M,20,45382
2023,M,21,46618
2023,M,22,47589
2023,M,23,51737
2023,M,24,52291
2023,M,25,53916
2023,M,26,56095
2023,M,27,58201
2023,M,28,58671
2023,M,29,60576
2023,M,30,62254
2023,M,31,64706
2023,M,32,65939
2023,M,33,66801
2023,M,34,66240
2023,M,35,67275
2023,M,36,65736
2023,M,37,65978
2023,M,38,65545
2023,M,39,65640
2023,M,40,64797
2023,M,41,65369
2023,M,42,64739
2023,M,43,64707
2023,M,44,62425
2023,M,45,61490
2023,M,46,61059
2023,M,47,59859
2023,M,48,59545
2023,M,49,60792
2023,M,50,60373
2023,M,51,62113
2023,M,52,63146
2023,M,53,63624
2023,M,54,64802
2023,M,55,65591
2023,M,56,66029
2023,M,57,66937
2023,M,58,67111
2023,M,59,67133
2023,M,60,63708
2023,M,61,60633
2023,M,62,57604
2023,M,63,55146
2023,M,64,52650
2023,M,65,49621
2023,M,66,47567
2023,M,67,45908
2023,M,68,43328
2023,M,69,41226
2023,M,70,39421
2023,M,71,38709
2023,M,72,36983
2023,M,73,37424
2023,M,74,36056
2023,M,75,35731
2023,M,76,34641
2023,M,77,33666
2023,M,78,31550
2023,M,79,29802
2023,M,80,27710
2023,M,81,25389
2023,M,82,22354
2023,M,83,18947
2023,M,84,17438
2023,M,85,15618
2023,M,86,13757
2023,M,87,11926
2023,M,88,10468
2023,M,89,8837
2023,M,90,7067
2023,M,91,5840
2023,M,92,4477
2023,M,93,3446
2023,M,94,2441
2023,M,95,1721
2023,M,96,1080
2023,M,97,736
2023,M,98,449
2023,M,99,653
2023,F,0,38214
2023,F,1,40180
2023,F,2,44548
2023,F,3,42760
2023,F,4,43483
2023,F,5,44390
2023,F,6,44470
2023,F,7,45473
2023,F,8,44721
2023,F,9,44754
2023,F,10,43916
2023,F,11,44183
2023,F,12,43871
2023,F,13,44763
2023,F,14,43887
2023,F,15,43491
2023,F,16,42725
2023,F,17,42137
2023,F,18,42440
2023,F,19,43061
2023,F,20,42505
2023,F,21,43398
2023,F,22,44265
2023,F,23,47735
2023,F,24,48807
2023,F,25,50939
2023,F,26,53104
2023,F,27,55471
2023,F,28,56675
2023,F,29,58023
2023,F,30,59973
2023,F,31,62901
2023,F,32,63445
2023,F,33,65089
2023,F,34,64949
2023,F,35,65683
2023,F,36,64098
2023,F,37,64897
2023,F,38,64572
2023,F,39,64430
2023,F,40,63665
2023,F,41,64758
2023,F,42,63957
2023,F,43,63717
2023,F,44,61910
2023,F,45,60758
2023,F,46,60437
2023,F,47,60150
2023,F,48,59482
2023,F,49,59982
2023,F,50,60299
2023,F,51,61392
2023,F,52,63171
2023,F,53,63439
2023,F,54,64891
2023,F,55,65657
2023,F,56,65552
2023,F,57,66032
2023,F,58,65450
2023,F,59,66105
2023,F,60,63640
2023,F,61,60805
2023,F,62,58332
2023,F,63,56309
2023,F,64,54111
2023,F,65,51182
2023,F,66,49848
2023,F,67,47966
2023,F,68,46221
2023,F,69,45202
2023,F,70,43619
2023,F,71,43185
2023,F,72,41289
2023,F,73,41942
2023,F,74,41120
2023,F,75,41198
2023,F,76,40056
2023,F,77,39373
2023,F,78,36947
2023,F,79,35948
2023,F,80,34203
2023,F,81,31633
2023,F,82,29134
2023,F,83,26266
2023,F,84,24527
2023,F,85,22572
2023,F,86,20488
2023,F,87,19099
2023,F,88,17267
2023,F,89,15286
2023,F,90,13307
2023,F,91,11399
2023,F,92,9358
2023,F,93,7715
2023,F,94,5953
2023,F,95,4568
2023,F,96,3427
2023,F,97,2411
2023,F,98,1708
2023,F,99,2882
